"","dates","province_raw","n_smoothed","n_onset_inflated","n_infected"
"1",2020-01-01,"Hunan",0.00497590227606089,0.834633104698905,5.16538736361024
"2",2020-01-01,"Zhejiang",0.00581035750422192,1.10721829178322,7.18979149612439
"3",2020-01-01,"Shaanxi",0.00103037391584981,0.132503886668097,0.844479128293595
"4",2020-01-01,"Jiangsu",0.00336350451837683,0.664117643056595,3.79623445224852
"5",2020-01-01,"Jiangxi",0.0034916559480905,0.616023060983842,3.65839059163321
"6",2020-01-01,"Henan",0.00722603331396613,0.989375615790818,5.70521343820216
"7",2020-01-01,"Beijing",0.00626383834181433,0.273425797505742,1.42114847031205
"8",2020-01-01,"Sichuan",0.00498009873622564,0.458354609278728,2.54723821865625
"9",2020-01-01,"Tianjin",0.00215387524556151,0.0783214724965712,0.373182107971455
"10",2020-01-01,"Anhui",0.0060943745135459,1.25784290470575,6.94367963285581
"11",2020-01-01,"Fujian",0.00142984669303474,0.39528695230277,2.60165241227896
"12",2020-01-01,"Shanghai",0.00493477467310442,0.282886879309161,1.51861791292432
"13",2020-01-01,"Chongqing",0.00733686653117158,0.721858182394817,4.00206551517198
"14",2020-01-01,"Guangdong",0.00950338886082073,0.841534477957965,4.75335798946179
"15",2020-01-02,"Zhejiang",0.00845772651848567,1.61087112130405,10.4293178768373
"16",2020-01-02,"Fujian",0.00208700088868148,0.576659303928009,3.78381572479296
"17",2020-01-02,"Sichuan",0.00703346093541179,0.64672007001026,3.57735734182224
"18",2020-01-02,"Jiangxi",0.00499084103345021,0.880174860852076,5.21645556885403
"19",2020-01-02,"Guangdong",0.0134586580864633,1.19090376628798,6.70244871206288
"20",2020-01-02,"Henan",0.0102723092035249,1.40565476983995,8.08211613478109
"21",2020-01-02,"Shanghai",0.00692909694282226,0.396630162559962,2.11462995563823
"22",2020-01-02,"Tianjin",0.00295375614238083,0.107229047292236,0.507449939316424
"23",2020-01-02,"Anhui",0.00858927609798995,1.77164382664404,9.75006538887006
"24",2020-01-02,"Beijing",0.0087398284179409,0.380915384401893,1.96598432535334
"25",2020-01-02,"Chongqing",0.0103653737722336,1.0184925191193,5.61082496246469
"26",2020-01-02,"Shaanxi",0.00149400057279732,0.192038216661561,1.2207779500656
"27",2020-01-02,"Jiangsu",0.00477279980077906,0.941858729291149,5.36899813111296
"28",2020-01-02,"Hunan",0.00717370614313644,1.2026525034699,7.42174746857826
"29",2020-01-03,"Anhui",0.0121053814595991,2.49462836817332,13.6699893657756
"30",2020-01-03,"Tianjin",0.00405053050920809,0.146708837372404,0.687855413993332
"31",2020-01-03,"Henan",0.0146026433291013,1.9965687549087,11.4325205123323
"32",2020-01-03,"Hunan",0.01034216302772,1.73252243199125,10.6479162993458
"33",2020-01-03,"Guangdong",0.0190598234636935,1.68477119629518,9.43371052863286
"34",2020-01-03,"Beijing",0.012194137569052,0.530315056204336,2.71053490063238
"35",2020-01-03,"Jiangsu",0.00677251279266567,1.33542587050762,7.58283885874996
"36",2020-01-03,"Chongqing",0.0146436112041959,1.43620033461139,7.84152225249564
"37",2020-01-03,"Fujian",0.00304615602361918,0.841040042104253,5.49417840035854
"38",2020-01-03,"Shanghai",0.00972910817797506,0.555757536156261,2.93468950075974
"39",2020-01-03,"Shaanxi",0.00216622403331535,0.278261661264902,1.76238092530501
"40",2020-01-03,"Zhejiang",0.0123112106779148,2.34304847223019,15.1046947853272
"41",2020-01-03,"Sichuan",0.00993326540909962,0.91211370838527,5.01248835754068
"42",2020-01-03,"Jiangxi",0.0071336684238637,1.25737157597915,7.43034747475664
"43",2020-01-04,"Tianjin",0.00555426380297586,0.200544831210146,0.928382796005628
"44",2020-01-04,"Shanghai",0.0136600297297041,0.778050654384856,4.05372850329842
"45",2020-01-04,"Hunan",0.0149098617489417,2.49498514968752,15.2438820429699
"46",2020-01-04,"Zhejiang",0.0179201931606205,3.40681933306233,21.8260654446961
"47",2020-01-04,"Guangdong",0.0269915273048151,2.38237316907506,13.2441541208045
"48",2020-01-04,"Beijing",0.0170129591108118,0.737650025429791,3.71966279278357
"49",2020-01-04,"Jiangsu",0.00960992671144561,1.89280157454375,10.6885571741681
"50",2020-01-04,"Shaanxi",0.00314087965211682,0.403075566253533,2.5393259087183
"51",2020-01-04,"Henan",0.0207581328455183,2.83487388417627,16.1382345974899
"52",2020-01-04,"Sichuan",0.0140282564548483,1.28566854350998,7.00057055269567
"53",2020-01-04,"Jiangxi",0.0101964207663293,1.79576655443073,10.5681449573128
"54",2020-01-04,"Fujian",0.00444607160461959,1.22618954860732,7.95877156391621
"55",2020-01-04,"Chongqing",0.0206869282445076,2.02361092192563,10.9105579869997
"56",2020-01-04,"Anhui",0.017060540521001,3.51130322441103,19.1251852719992
"57",2020-01-05,"Tianjin",0.00761569790594184,0.2737971392725,1.24559333929231
"58",2020-01-05,"Zhejiang",0.0260841662438835,4.95099617757394,31.4317281513276
"59",2020-01-05,"Beijing",0.0237345644859525,1.02475435170016,5.07051029262005
"60",2020-01-05,"Fujian",0.00648922886234189,1.78676771043201,11.4882772741725
"61",2020-01-05,"Guangdong",0.0382229186510618,3.36666035624294,18.5256731952931
"62",2020-01-05,"Jiangsu",0.0136358174911995,2.68149742777409,15.0237080472723
"63",2020-01-05,"Hunan",0.0214945202151323,3.59119748062612,21.7553790959829
"64",2020-01-05,"Anhui",0.0240434210733057,4.93961771920207,26.6758839956115
"65",2020-01-05,"Henan",0.0295077190817322,4.02308419957686,22.7126445571759
"66",2020-01-05,"Sichuan",0.0198106730102803,1.81071010040147,9.73182428347199
"67",2020-01-05,"Shaanxi",0.00455399308390066,0.583613753784564,3.64825874023872
"68",2020-01-05,"Shanghai",0.0191780760849211,1.08791840875288,5.56209808206305
"69",2020-01-05,"Jiangxi",0.0145739170424859,2.56377354034106,14.9985764918348
"70",2020-01-05,"Chongqing",0.0292228012430287,2.84804475558178,15.0846955749081
"71",2020-01-06,"Fujian",0.00947106377114576,2.60165241227896,16.499945275391
"72",2020-01-06,"Tianjin",0.0104412022319764,0.373182107971455,1.65793397286964
"73",2020-01-06,"Jiangxi",0.0208303237229416,3.65839059163321,21.2222281261259
"74",2020-01-06,"Zhejiang",0.0379664787126678,7.18979149612439,45.0480040144934
"75",2020-01-06,"Shaanxi",0.00660273235150216,0.844479128293595,5.22015491773344
"76",2020-01-06,"Sichuan",0.0279751476023049,2.54723821865625,13.4422394436169
"77",2020-01-06,"Shanghai",0.026923010268044,1.51861791292432,7.56219221300041
"78",2020-01-06,"Henan",0.0419439949846545,5.70521343820216,31.8325347363803
"79",2020-01-06,"Jiangsu",0.0193477091047058,3.79623445224852,21.034435318205
"80",2020-01-06,"Anhui",0.0338832246555875,6.94367963285581,37.0516223853005
"81",2020-01-06,"Beijing",0.0331089285491972,1.42114847031205,6.84949126184073
"82",2020-01-06,"Hunan",0.0309863515664762,5.16538736361024,30.9118983441199
"83",2020-01-06,"Guangdong",0.0541256669479865,4.75335798946179,25.7823277199491
"84",2020-01-06,"Chongqing",0.0412778592440713,4.00206551517198,20.6742336633735
"85",2020-01-07,"Shaanxi",0.00957282968908333,1.2207779500656,7.42476781378235
"86",2020-01-07,"Shanghai",0.0377912912998064,2.11462995563823,10.1510075424239
"87",2020-01-07,"Tianjin",0.0143130286851493,0.507449939316424,2.18228732594934
"88",2020-01-07,"Guangdong",0.0766404097275084,6.70244871206288,35.6205960460793
"89",2020-01-07,"Fujian",0.0138225370637873,3.78381572479296,23.5222746195365
"90",2020-01-07,"Hunan",0.0446679471517855,7.42174746857826,43.6389917248407
"91",2020-01-07,"Anhui",0.047747579711137,9.75006538887006,51.1557002862271
"92",2020-01-07,"Henan",0.0596189772897569,8.08211613478109,44.3458812235244
"93",2020-01-07,"Chongqing",0.0582999153396071,5.61082496246469,27.9825528089458
"94",2020-01-07,"Beijing",0.0461801105928026,1.96598432535334,9.13908513320975
"95",2020-01-07,"Sichuan",0.039501435547304,3.57735734182224,18.3972770466813
"96",2020-01-07,"Jiangsu",0.0274510664969875,5.36899813111296,29.2840224870794
"97",2020-01-07,"Zhejiang",0.0552595255181627,10.4293178768373,64.1042785108806
"98",2020-01-07,"Jiangxi",0.0297716349135404,5.21645556885403,29.8972208475935
"99",2020-01-08,"Shaanxi",0.0138783003240323,1.76238092530501,10.4714303228876
"100",2020-01-08,"Chongqing",0.0823298404230968,7.84152225249564,37.2381552112734
"101",2020-01-08,"Tianjin",0.0196169867252384,0.687855413993332,2.83123260620563
"102",2020-01-08,"Guangdong",0.108512070299406,9.43371052863286,48.7316357161386
"103",2020-01-08,"Fujian",0.0201721948229987,5.49417840035854,33.1808241075654
"104",2020-01-08,"Hunan",0.0643868999701129,10.6479162993458,61.0501396377371
"105",2020-01-08,"Beijing",0.0644007847165341,2.71053490063238,12.0026194070498
"106",2020-01-08,"Sichuan",0.0557709922299888,5.01248835754068,24.8647363073309
"107",2020-01-08,"Jiangsu",0.0389460155702609,7.58283885874996,40.4508932975068
"108",2020-01-08,"Jiangxi",0.0425491777229477,7.43034747475664,41.8639292326682
"109",2020-01-08,"Zhejiang",0.0804249174981204,15.1046947853272,90.3154604161592
"110",2020-01-08,"Henan",0.0847368553493695,11.4325205123323,61.2642122651874
"111",2020-01-08,"Shanghai",0.0530384309144004,2.93468950075974,13.4049423031172
"112",2020-01-08,"Anhui",0.0672803042402823,13.6699893657756,70.0480233598183
"113",2020-01-09,"Jiangsu",0.0552497312899659,10.6885571741681,55.2525447217596
"114",2020-01-09,"Guangdong",0.15362068660958,13.2441541208045,65.8230490962614
"115",2020-01-09,"Shaanxi",0.0201188078587156,2.5393259087183,14.5844031481823
"116",2020-01-09,"Fujian",0.0294363592817337,7.95877156391621,46.0803591653819
"117",2020-01-09,"Hunan",0.0928035129854955,15.2438820429699,84.3069926215682
"118",2020-01-09,"Beijing",0.0897893132755233,3.71966279278357,15.4631136438633
"119",2020-01-09,"Sichuan",0.0787300185562318,7.00057055269567,33.0352411771339
"120",2020-01-09,"Chongqing",0.116241158162286,10.9105579869997,48.447652953067
"121",2020-01-09,"Jiangxi",0.060807015741487,10.5681449573128,58.1235809983428
"122",2020-01-09,"Tianjin",0.0268796157465699,0.928382796005628,3.6111583389362
"123",2020-01-09,"Henan",0.120426464775903,16.1382345974899,83.6483289842863
"124",2020-01-09,"Shanghai",0.0744204913760159,4.05372850329842,17.3748968791927
"125",2020-01-09,"Zhejiang",0.117041562050326,21.8260654446961,125.468531690197
"126",2020-01-09,"Anhui",0.0947942984017237,19.1251852719992,94.793769679819
"127",2020-01-10,"Sichuan",0.111117172349299,9.73182428347199,42.9341951446661
"128",2020-01-10,"Tianjin",0.0368180503048713,1.24559333929231,4.51790902963407
"129",2020-01-10,"Zhejiang",0.170309641054331,31.4317281513276,171.08886252598
"130",2020-01-10,"Fujian",0.0429500674188222,11.4882772741725,62.6465511581069
"131",2020-01-10,"Shaanxi",0.0291624467622599,3.64825874023872,19.9645826751706
"132",2020-01-10,"Guangdong",0.21744600174092,18.5256731952931,87.5194534916925
"133",2020-01-10,"Chongqing",0.164073374421694,15.0846955749081,61.2680319965691
"134",2020-01-10,"Shanghai",0.104389293148258,5.56209808206305,22.0611160013366
"135",2020-01-10,"Jiangxi",0.0868917335592675,14.9985764918348,79.7822512335599
"136",2020-01-10,"Anhui",0.133541389855841,26.6758839956115,126.288680167647
"137",2020-01-10,"Henan",0.171126111875113,22.7126445571759,112.41149803579
"138",2020-01-10,"Beijing",0.125144763324856,5.07051029262005,19.4789361746325
"139",2020-01-10,"Hunan",0.133745916848439,21.7553790959829,114.379050126614
"140",2020-01-10,"Jiangsu",0.0783690185045173,15.0237080472723,74.3331578742946
"141",2020-01-11,"Tianjin",0.0504071786638305,1.65793397286964,5.53311662145203
"142",2020-01-11,"Fujian",0.0626571553579346,16.499945275391,82.8190941814907
"143",2020-01-11,"Beijing",0.174341872868709,6.84949126184073,23.9398584997756
"144",2020-01-11,"Shaanxi",0.0422652075387046,5.22015491773344,26.7026349207029
"145",2020-01-11,"Anhui",0.188090085061068,37.0516223853005,165.041238848863
"146",2020-01-11,"Henan",0.243127313390625,31.8325347363803,147.876555545242
"147",2020-01-11,"Chongqing",0.231496308431061,20.6742336633735,75.002064355482
"148",2020-01-11,"Shanghai",0.146362186935025,7.56219221300041,27.3903347446462
"149",2020-01-11,"Hunan",0.192719244924604,30.9118983441199,151.483476112556
"150",2020-01-11,"Guangdong",0.307720324265145,25.7823277199491,114.220833501048
"151",2020-01-11,"Jiangsu",0.11114377844976,21.034435318205,98.0188720259928
"152",2020-01-11,"Sichuan",0.15678189774106,13.4422394436169,54.324728155423
"153",2020-01-11,"Zhejiang",0.247780301761664,45.0480040144934,227.791490307391
"154",2020-01-11,"Jiangxi",0.124151065663969,21.2222281261259,107.856051545182
"155",2020-01-12,"Shaanxi",0.0612419083444859,7.42476781378235,34.6931843419518
"156",2020-01-12,"Shanghai",0.205082457351323,10.1510075424239,33.2168492919053
"157",2020-01-12,"Beijing",0.242720887354843,9.13908513320975,28.6851694609622
"158",2020-01-12,"Fujian",0.0913835538964074,23.5222746195365,105.593080173147
"159",2020-01-12,"Guangdong",0.435331849232863,35.6205960460793,145.872697767896
"160",2020-01-12,"Henan",0.345334009314313,44.3458812235244,189.710998723336
"161",2020-01-12,"Tianjin",0.068966187462612,2.18228732594934,6.61682822311511
"162",2020-01-12,"Hunan",0.277628337316849,43.6389917248407,194.796596753418
"163",2020-01-12,"Zhejiang",0.360402051916741,64.1042785108806,294.632092832554
"164",2020-01-12,"Anhui",0.264847174645872,51.1557002862271,211.138261437488
"165",2020-01-12,"Sichuan",0.22112027256864,18.3972770466813,66.6764285598288
"166",2020-01-12,"Chongqing",0.326438407144596,27.9825528089458,88.8245172133445
"167",2020-01-12,"Jiangsu",0.157586559928666,29.2840224870794,126.142293321837
"168",2020-01-12,"Jiangxi",0.177355691506883,29.8972208475935,143.086470845606
"169",2020-01-13,"Fujian",0.133232132945792,33.1808241075654,128.861144934493
"170",2020-01-13,"Guangdong",0.615586804627739,48.7316357161386,181.741211341103
"171",2020-01-13,"Shaanxi",0.088711886402851,10.4714303228876,43.5522861233309
"172",2020-01-13,"Hunan",0.399809298827869,61.0501396377371,242.091529708071
"173",2020-01-13,"Shanghai",0.287111788440394,13.4049423031172,39.3042857359629
"174",2020-01-13,"Beijing",0.337616416194402,12.0026194070498,33.5063641652246
"175",2020-01-13,"Sichuan",0.311679756767533,24.8647363073309,79.1582235059328
"176",2020-01-13,"Chongqing",0.459952772683729,37.2381552112734,101.870861636893
"177",2020-01-13,"Zhejiang",0.524028714171927,90.3154604161592,368.114091068587
"178",2020-01-13,"Jiangsu",0.2233595254872,40.4508932975068,157.824039525262
"179",2020-01-13,"Tianjin",0.0942738874604322,2.83123260620563,7.71330488253135
"180",2020-01-13,"Anhui",0.372784479714369,70.0480233598183,263.92340062481
"181",2020-01-13,"Henan",0.490330404057534,61.2642122651874,236.711883081428
"182",2020-01-13,"Jiangxi",0.253297772218192,41.8639292326682,185.578681568506
"183",2020-01-14,"Chongqing",0.647340883498819,48.447652953067,113.602199357269
"184",2020-01-14,"Sichuan",0.438963593313787,33.0352411771339,90.8390158982983
"185",2020-01-14,"Jiangsu",0.316429361174396,55.2525447217596,191.456619001709
"186",2020-01-14,"Fujian",0.194141985152217,46.0803591653819,149.992800174744
"187",2020-01-14,"Shanghai",0.401457409300969,17.3748968791927,45.2969653615705
"188",2020-01-14,"Tianjin",0.128708980126824,3.6111583389362,8.78394356648536
"189",2020-01-14,"Anhui",0.524424324461325,94.793769679819,321.508531206987
"190",2020-01-14,"Beijing",0.469021730866267,15.4631136438633,38.1910547194314
"191",2020-01-14,"Zhejiang",0.761550263504018,125.468531690197,440.502721404957
"192",2020-01-14,"Shaanxi",0.128446081488136,14.5844031481823,52.62432500674
"193",2020-01-14,"Hunan",0.575472021090531,84.3069926215682,289.860027669312
"194",2020-01-14,"Guangdong",0.869919002559579,65.8230490962614,220.242909592697
"195",2020-01-14,"Jiangxi",0.361627253073662,58.1235809983428,234.155840404862
"196",2020-01-14,"Henan",0.695847710244505,83.6483289842863,287.086855826606
"197",2020-01-15,"Tianjin",0.17542874496866,4.51790902963407,9.80151946689902
"198",2020-01-15,"Shaanxi",0.18585928488565,19.9645826751706,61.0117519311249
"199",2020-01-15,"Jiangsu",0.447973594958984,74.3331578742946,224.747917069156
"200",2020-01-15,"Chongqing",0.909641824038813,61.2680319965691,123.671233006562
"201",2020-01-15,"Shanghai",0.560391669205705,22.0611160013366,50.7378545671853
"202",2020-01-15,"Fujian",0.282683619726803,62.6465511581069,166.319884615686
"203",2020-01-15,"Jiangxi",0.516025974800742,79.7822512335599,286.018619773943
"204",2020-01-15,"Beijing",0.650448094470483,19.4789361746325,42.5166033828112
"205",2020-01-15,"Sichuan",0.617517316128985,42.9341951446661,100.759043479798
"206",2020-01-15,"Anhui",0.737189537275466,126.288680167647,380.841900853562
"207",2020-01-15,"Zhejiang",1.10591634734315,171.08886252598,501.118591993043
"208",2020-01-15,"Henan",0.986795083196793,112.41149803579,338.33992297516
"209",2020-01-15,"Hunan",0.827728333484467,114.379050126614,333.729812058574
"210",2020-01-15,"Guangdong",1.2282309480175,87.5194534916925,258.828939491896
"211",2020-01-16,"Jiangsu",0.633567137218871,98.0188720259928,255.26184719267
"212",2020-01-16,"Shaanxi",0.268677945021371,26.7026349207029,67.752471326463
"213",2020-01-16,"Shanghai",0.780328613607988,27.3903347446462,55.0873139272215
"214",2020-01-16,"Beijing",0.899815033332957,23.9398584997756,46.207340035233
"215",2020-01-16,"Fujian",0.411132063766626,82.8190941814907,176.347189675654
"216",2020-01-16,"Henan",1.39791307547307,147.876555545242,387.095327291719
"217",2020-01-16,"Tianjin",0.238546554315279,5.53311662145203,10.7413326001627
"218",2020-01-16,"Guangdong",1.73186091893486,114.220833501048,293.983657494487
"219",2020-01-16,"Sichuan",0.867245194570669,54.324728155423,108.067089924
"220",2020-01-16,"Hunan",1.18929912342822,151.483476112556,370.151658400227
"221",2020-01-16,"Jiangxi",0.735795290989132,107.856051545182,336.915497827612
"222",2020-01-16,"Anhui",1.0351350541025,165.041238848863,438.691014209984
"223",2020-01-16,"Chongqing",1.2753017245395,75.002064355482,131.507338358113
"224",2020-01-16,"Zhejiang",1.60421246399842,227.791490307391,541.728439132813
"225",2020-01-17,"Shaanxi",0.387877980045731,34.6931843419518,72.0584976716181
"226",2020-01-17,"Jiangsu",0.894810799037163,126.142293321837,280.734312168758
"227",2020-01-17,"Beijing",1.24058977506055,28.6851694609622,48.9688231221891
"228",2020-01-17,"Fujian",0.596972228230016,105.593080173147,179.680724752809
"229",2020-01-17,"Shanghai",1.08294228188336,33.2168492919053,57.8423853098759
"230",2020-01-17,"Zhejiang",2.32336763781352,294.632092832554,558.265857752458
"231",2020-01-17,"Jiangxi",1.0480707848797,143.086470845606,381.870774426542
"232",2020-01-17,"Sichuan",1.21515857253004,66.6764285598288,112.232180688794
"233",2020-01-17,"Hunan",1.70627706948574,194.796596753418,396.528207089219
"234",2020-01-17,"Henan",1.97741156440785,189.710998723336,429.656896217937
"235",2020-01-17,"Tianjin",0.323353154985605,6.61682822311511,11.5765032442528
"236",2020-01-17,"Chongqing",1.78232379703923,88.8245172133445,136.597795205159
"237",2020-01-17,"Guangdong",2.43759785221171,145.872697767896,321.688332785681
"238",2020-01-17,"Anhui",1.45130156746187,211.138261437488,491.700759150201
"239",2020-01-18,"Fujian",0.864763618555723,128.861144934493,176.825827637858
"240",2020-01-18,"Beijing",1.70245940250534,33.5063641652246,50.5024596274816
"241",2020-01-18,"Shanghai",1.49588363414975,39.3042857359629,58.7745913075123
"242",2020-01-18,"Sichuan",1.69712181114836,79.1582235059328,113.434535742969
"243",2020-01-18,"Chongqing",2.47989440226571,101.870861636893,138.738194001929
"244",2020-01-18,"Zhejiang",3.35723262440674,368.114091068587,553.336426254744
"245",2020-01-18,"Shaanxi",0.558873845040613,43.5522861233309,73.7666743355115
"246",2020-01-18,"Tianjin",0.436422393450387,7.71330488253135,5.88113319680546
"247",2020-01-18,"Henan",2.79132949621913,236.711883081428,463.070934356107
"248",2020-01-18,"Jiangxi",1.49066568121648,185.578681568506,417.513365152086
"249",2020-01-18,"Jiangsu",1.26130022854639,157.824039525262,299.803171046338
"250",2020-01-18,"Hunan",2.44275834338246,242.091529708071,411.145484340274
"251",2020-01-18,"Anhui",2.03046327400535,263.92340062481,536.459476735546
"252",2020-01-18,"Guangdong",3.42218701127693,181.741211341103,338.60553281719
"253",2020-01-19,"Chongqing",3.4286470188482,113.602199357269,137.874736008098
"254",2020-01-19,"Tianjin",0.585539530394865,8.78394356648536,6.09484930727135
"255",2020-01-19,"Beijing",2.32073131465533,38.1910547194314,23.4142749897006
"256",2020-01-19,"Jiangsu",1.77286850646552,191.456619001709,311.861965922874
"257",2020-01-19,"Jiangxi",2.11559013751108,234.155840404862,440.79319440877
"258",2020-01-19,"Shanghai",2.05249352188333,45.2969653615705,57.9762786775173
"259",2020-01-19,"Shaanxi",0.802936079555601,52.62432500674,73.0611993538778
"260",2020-01-19,"Fujian",1.24826352242938,149.992800174744,169.043712893783
"261",2020-01-19,"Sichuan",2.35924931109849,90.8390158982983,112.181241985563
"262",2020-01-19,"Henan",3.92846406505,287.086855826606,484.472738334683
"263",2020-01-19,"Anhui",2.83209819849521,321.508531206987,569.522965127061
"264",2020-01-19,"Zhejiang",4.83475244122681,440.502721404957,530.148018200568
"265",2020-01-19,"Guangdong",4.78689069953547,220.242909592697,343.439576898864
"266",2020-01-19,"Hunan",3.4861942417528,289.860027669312,413.335518214495
"267",2020-01-20,"Jiangxi",2.9934531816459,286.018619773943,449.583586274256
"268",2020-01-20,"Jiangsu",2.48216271306619,224.747917069156,316.932014609651
"269",2020-01-20,"Fujian",1.79280838352112,166.319884615686,17.2733520448813
"270",2020-01-20,"Tianjin",0.779376261317631,9.80151946689902,6.17999889470694
"271",2020-01-20,"Beijing",3.13495643307295,42.5166033828112,22.8496081706747
"272",2020-01-20,"Shaanxi",1.14889075111035,61.0117519311249,70.3121875305204
"273",2020-01-20,"Zhejiang",6.92917507853502,501.118591993043,492.605219099174
"274",2020-01-20,"Anhui",3.93365906921763,380.841900853562,588.119812074574
"275",2020-01-20,"Guangdong",6.6619541149175,258.828939491896,336.535767067382
"276",2020-01-20,"Hunan",4.95348214956262,333.729812058574,403.591244380561
"277",2020-01-20,"Chongqing",4.69911038409064,123.671233006562,30.7885097972064
"278",2020-01-20,"Shanghai",2.79055678260583,50.7378545671853,55.6835953439113
"279",2020-01-20,"Sichuan",3.25875120873636,100.759043479798,26.8443871593207
"280",2020-01-20,"Henan",5.50587442587421,338.33992297516,491.66031237758
"281",2020-01-21,"Jiangxi",4.21708457456564,336.915497827612,443.425720553597
"282",2020-01-21,"Shaanxi",1.63409845202452,67.752471326463,65.8848820482389
"283",2020-01-21,"Shanghai",3.74586656222466,55.0873139272215,52.096449460423
"284",2020-01-21,"Tianjin",1.0258689218337,10.7413326001627,6.15608516085225
"285",2020-01-21,"Hunan",6.99293728672048,370.151658400227,383.459949888754
"286",2020-01-21,"Jiangsu",3.4556529617465,255.26184719267,37.6757760735195
"287",2020-01-21,"Henan",7.67022969874948,387.095327291719,483.557608897498
"288",2020-01-21,"Anhui",5.4310465080452,438.691014209984,590.947654182897
"289",2020-01-21,"Beijing",4.18288492320197,46.207340035233,21.741291477846
"290",2020-01-21,"Fujian",2.55582248507742,176.347189675654,15.8474436690166
"291",2020-01-21,"Chongqing",6.36024080112991,131.507338358113,29.3967741318504
"292",2020-01-21,"Guangdong",9.20408657366413,293.983657494487,319.570309269058
"293",2020-01-21,"Zhejiang",9.86036515496119,541.728439132813,444.900062849866
"294",2020-01-21,"Sichuan",4.45998221239829,108.067089924,25.7781180128847
"295",2020-01-22,"Shanghai",4.94661489826925,57.8423853098759,47.4852164908452
"296",2020-01-22,"Fujian",3.6052761775462,179.680724752809,14.3425070399457
"297",2020-01-22,"Beijing",5.4935012667999,48.9688231221891,20.2219048930614
"298",2020-01-22,"Shaanxi",2.30463073193345,72.0584976716181,60.2322235972223
"299",2020-01-22,"Zhejiang",13.8921057927611,558.265857752458,391.475332171185
"300",2020-01-22,"Henan",10.5964875975372,429.656896217937,80.6417851178352
"301",2020-01-22,"Hunan",9.78298949994317,396.528207089219,57.4985439227393
"302",2020-01-22,"Jiangxi",5.90502144322231,381.870774426542,423.655423980417
"303",2020-01-22,"Sichuan",6.02786387166325,112.232180688794,24.5275287708291
"304",2020-01-22,"Chongqing",8.4639752402373,136.597795205159,27.607785050908
"305",2020-01-22,"Tianjin",1.33093085711117,11.5765032442528,6.05775589965984
"306",2020-01-22,"Guangdong",12.5918778402073,321.688332785681,295.046655425477
"307",2020-01-22,"Anhui",7.43678750432895,491.700759150201,62.1070437098221
"308",2020-01-22,"Jiangsu",4.77339645844406,280.734312168758,36.8136024292086
"309",2020-01-23,"Beijing",7.07734132945513,50.5024596274816,23.4142749897006
"310",2020-01-23,"Shanghai",6.41158475844544,58.7745913075123,21.7897161479339
"311",2020-01-23,"Chongqing",11.0118165821015,138.738194001929,31.6392250214614
"312",2020-01-23,"Sichuan",8.00860842930467,113.434535742969,27.602826635921
"313",2020-01-23,"Guangdong",17.0081668942544,338.60553281719,343.439576898864
"314",2020-01-23,"Henan",14.4681282573247,463.070934356107,84.7972415182743
"315",2020-01-23,"Tianjin",1.69756524160892,5.88113319680546,6.09484930727135
"316",2020-01-23,"Jiangsu",6.52006123462111,299.803171046338,37.2441281918469
"317",2020-01-23,"Jiangxi",8.19848968892899,417.513365152086,62.817156277091
"318",2020-01-23,"Shaanxi",3.20984456428483,73.7666743355115,17.0250318764597
"319",2020-01-23,"Fujian",5.00688049860236,176.825827637858,18.4926492094909
"320",2020-01-23,"Hunan",13.5097876676889,411.145484340274,66.8973671350609
"321",2020-01-23,"Anhui",10.0639688035437,536.459476735546,61.2005910910164
"322",2020-01-23,"Zhejiang",19.2992662371542,553.336426254744,530.148018200568
"323",2020-01-24,"Beijing",8.91535063491281,23.4142749897006,22.8496081706747
"324",2020-01-24,"Tianjin",2.12381862372648,6.09484930727135,6.17999889470694
"325",2020-01-24,"Jiangsu",8.77166370424731,311.861965922874,37.8496189661722
"326",2020-01-24,"Guangdong",22.6143500174802,343.439576898864,336.535767067382
"327",2020-01-24,"Fujian",6.80688694661611,169.043712893783,17.2733520448813
"328",2020-01-24,"Jiangxi",11.2535042208864,440.79319440877,64.0698694009671
"329",2020-01-24,"Sichuan",10.4083743568666,112.181241985563,26.8443871593207
"330",2020-01-24,"Hunan",18.3286893861659,413.335518214495,65.3202796712273
"331",2020-01-24,"Shanghai",8.14086645186685,57.9762786775173,20.928037540822
"332",2020-01-24,"Anhui",13.4076885194122,569.522965127061,63.1989969417148
"333",2020-01-24,"Shaanxi",4.39395472869236,73.0611993538778,16.3844454320087
"334",2020-01-24,"Zhejiang",26.316475243798,530.148018200568,76.6434588516101
"335",2020-01-24,"Henan",19.4431136990835,484.472738334683,86.0552822785058
"336",2020-01-24,"Chongqing",13.925800107306,137.874736008098,30.7885097972064
"337",2020-01-25,"Shaanxi",5.87691568050096,70.3121875305204,15.3527758504901
"338",2020-01-25,"Beijing",10.9570784955726,22.8496081706747,21.741291477846
"339",2020-01-25,"Jiangsu",11.5666898416405,316.932014609651,37.6757760735195
"340",2020-01-25,"Jiangxi",15.2133903536842,449.583586274256,63.1923158946639
"341",2020-01-25,"Tianjin",2.60105638489188,6.17999889470694,6.15608516085225
"342",2020-01-25,"Guangdong",29.5137801371921,336.535767067382,319.570309269058
"343",2020-01-25,"Fujian",8.99874295859953,17.2733520448813,15.8474436690166
"344",2020-01-25,"Shanghai",10.1074241763012,55.6835953439113,19.5798501033839
"345",2020-01-25,"Anhui",17.5219308682771,588.119812074574,63.5028751330056
"346",2020-01-25,"Hunan",24.2744941292154,403.591244380561,62.0620777041184
"347",2020-01-25,"Zhejiang",35.038336376291,492.605219099174,69.2211091926078
"348",2020-01-25,"Henan",25.5772828681597,491.66031237758,84.6370664541991
"349",2020-01-25,"Sichuan",13.1697381439535,26.8443871593207,25.7781180128847
"350",2020-01-25,"Chongqing",17.0474507147256,30.7885097972064,29.3967741318504
"351",2020-01-26,"Tianjin",3.11049711671354,6.15608516085225,6.05775589965984
"352",2020-01-26,"Shaanxi",7.63553558183314,65.8848820482389,14.0355693008252
"353",2020-01-26,"Shanghai",12.2574911450901,52.096449460423,17.8467713375324
"354",2020-01-26,"Jiangxi",20.1827371215546,443.425720553597,60.3748635718174
"355",2020-01-26,"Anhui",22.4159128128198,590.947654182897,62.1070437098221
"356",2020-01-26,"Fujian",11.4732598330845,15.8474436690166,14.3425070399457
"357",2020-01-26,"Beijing",13.1289687215783,21.741291477846,20.2219048930614
"358",2020-01-26,"Hunan",31.2152121513803,383.459949888754,57.4985439227393
"359",2020-01-26,"Sichuan",16.1641141027838,25.7781180128847,24.5275287708291
"360",2020-01-26,"Zhejiang",45.3195962763437,444.900062849866,60.9088624102499
"361",2020-01-26,"Henan",32.8131248368394,483.557608897498,80.6417851178352
"362",2020-01-26,"Chongqing",20.1891986902772,29.3967741318504,27.607785050908
"363",2020-01-26,"Guangdong",37.6923771082555,319.570309269058,80.2001867184325
"364",2020-01-26,"Jiangsu",14.8853863813084,37.6757760735195,36.8136024292086
"365",2020-01-27,"Shaanxi",9.58531298502772,60.2322235972223,12.5701118571167
"366",2020-01-27,"Shanghai",14.5038420152047,47.4852164908452,15.8733045303552
"367",2020-01-27,"Tianjin",3.62593855975168,6.05775589965984,5.92541925317987
"368",2020-01-27,"Sichuan",19.1900283887498,24.5275287708291,23.1691833638146
"369",2020-01-27,"Fujian",14.0014610407983,14.3425070399457,12.8196275921651
"370",2020-01-27,"Beijing",15.3355903195104,20.2219048930614,18.4311864014378
"371",2020-01-27,"Henan",40.9425738211498,80.6417851178352,74.5647686022155
"372",2020-01-27,"Hunan",38.7939963317507,57.4985439227393,52.0970800446698
"373",2020-01-27,"Zhejiang",56.6224196097429,391.475332171185,52.4181371813449
"374",2020-01-27,"Chongqing",23.1545425841952,27.607785050908,25.5808954628064
"375",2020-01-27,"Guangdong",46.9605236538488,295.046655425477,72.2671748411714
"376",2020-01-27,"Jiangsu",18.6239820660192,36.8136024292086,35.3456968794512
"377",2020-01-27,"Jiangxi",26.1763793832286,423.655423980417,56.110482850666
"378",2020-01-27,"Anhui",28.0199519376085,62.1070437098221,59.0922863786322
"379",2020-01-28,"Beijing",17.4797350783607,23.4142749897006,16.5073331283626
"380",2020-01-28,"Shaanxi",11.5819551788168,17.0250318764597,11.0710357171681
"381",2020-01-28,"Guangdong",56.9090647586171,343.439576898864,63.8024264361949
"382",2020-01-28,"Sichuan",22.0217586586413,27.602826635921,21.7542736369943
"383",2020-01-28,"Jiangsu",22.5927852907209,37.2441281918469,33.3599155784973
"384",2020-01-28,"Jiangxi",33.0283201789735,62.817156277091,50.9404276289906
"385",2020-01-28,"Anhui",34.1335916808585,61.2005910910164,54.6708304704823
"386",2020-01-28,"Fujian",16.2975297876991,18.4926492094909,11.3172368838654
"387",2020-01-28,"Shanghai",16.715226267839,21.7897161479339,13.8113581841078
"388",2020-01-28,"Tianjin",4.12923385882673,6.09484930727135,5.78910238563778
"389",2020-01-28,"Henan",49.6556177693844,84.7972415182743,67.0819030938828
"390",2020-01-28,"Chongqing",25.8209945455443,31.6392250214614,23.449038030728
"391",2020-01-28,"Hunan",46.4486670131919,66.8973671350609,46.2896489298441
"392",2020-01-28,"Zhejiang",67.7570637359217,530.148018200568,44.3097222012838
"393",2020-01-29,"Beijing",19.4595035152341,22.8496081706747,14.5875451651618
"394",2020-01-29,"Sichuan",24.4266333826412,26.8443871593207,20.2968201617337
"395",2020-01-29,"Shaanxi",13.4279228504475,16.3844454320087,9.59696511306635
"396",2020-01-29,"Jiangsu",26.5213156972905,37.8496189661722,30.9263462972188
"397",2020-01-29,"Jiangxi",40.3437067156139,64.0698694009671,45.2647301792673
"398",2020-01-29,"Guangdong",66.8793965090121,336.535767067382,55.3964266203798
"399",2020-01-29,"Chongqing",28.1096162835765,30.7885097972064,21.2784121468975
"400",2020-01-29,"Fujian",18.071555905703,17.2733520448813,9.85696043743513
"401",2020-01-29,"Shanghai",18.7229919855675,20.928037540822,11.8144177787727
"402",2020-01-29,"Anhui",40.4328366961074,63.1989969417148,49.2064995708868
"403",2020-01-29,"Hunan",53.4785877077489,65.3202796712273,40.3787165320431
"404",2020-01-29,"Tianjin",4.60758493543723,6.17999889470694,5.63982320116168
"405",2020-01-29,"Henan",58.520540214229,86.0552822785058,58.943705427447
"406",2020-01-29,"Zhejiang",77.0808504170705,76.6434588516101,36.9515130186455
"407",2020-01-30,"Shaanxi",14.9114708085408,15.3527758504901,8.19348567864281
"408",2020-01-30,"Jiangxi",47.5228502362718,63.1923158946639,39.4101852045191
"409",2020-01-30,"Sichuan",26.1982954098977,25.7781180128847,18.8082835489272
"410",2020-01-30,"Shanghai",20.3280045237242,19.5798501033839,9.98889460159331
"411",2020-01-30,"Tianjin",5.04938060289224,6.15608516085225,5.46042659278546
"412",2020-01-30,"Jiangsu",30.122103568983,37.6757760735195,28.1287041530467
"413",2020-01-30,"Fujian",19.1610768874754,15.8474436690166,8.46238584147339
"414",2020-01-30,"Beijing",21.1487236585968,21.741291477846,12.7757997066769
"415",2020-01-30,"Hunan",59.3150123653049,62.0620777041184,34.5888612077297
"416",2020-01-30,"Anhui",46.5745026948133,63.5028751330056,43.1290354497818
"417",2020-01-30,"Chongqing",29.8907088564797,29.3967741318504,19.1107349502048
"418",2020-01-30,"Zhejiang",83.327358933929,69.2211091926078,30.5279827254835
"419",2020-01-30,"Henan",66.9534575415102,84.6370664541991,50.793672403688
"420",2020-01-30,"Guangdong",75.9631037987505,319.570309269058,47.4700266482472
"421",2020-01-31,"Shanghai",21.3446651582176,17.8467713375324,8.38097447880649
"422",2020-01-31,"Fujian",19.5232835210936,14.3425070399457,7.16897547276331
"423",2020-01-31,"Jiangsu",33.1279747424681,36.8136024292086,25.0596978359314
"424",2020-01-31,"Sichuan",27.2080225927231,24.5275287708291,17.3113067378727
"425",2020-01-31,"Anhui",52.2023875353898,62.1070437098221,36.8932284826379
"426",2020-01-31,"Shaanxi",15.8591733039553,14.0355693008252,6.90824020739468
"427",2020-01-31,"Beijing",22.4126320040975,20.2219048930614,11.1305195513135
"428",2020-01-31,"Henan",74.3150659027862,80.6417851178352,43.0782948803992
"429",2020-01-31,"Tianjin",5.44198500379402,6.05775589965984,5.23253085387996
"430",2020-01-31,"Hunan",63.5417266758754,57.4985439227393,29.0631407200012
"431",2020-01-31,"Chongqing",31.0477345058559,27.607785050908,16.9678359043042
"432",2020-01-31,"Guangdong",83.1217776610726,80.2001867184325,40.2509447989821
"433",2020-01-31,"Jiangxi",53.8639146601893,60.3748635718174,33.6110399727813
"434",2020-01-31,"Zhejiang",85.871104688473,60.9088624102499,25.0687401180297
"435",2020-02-01,"Beijing",23.11456495714,18.4311864014378,9.66198150240027
"436",2020-02-01,"Fujian",19.2130834933754,12.8196275921651,6.00249798987847
"437",2020-02-01,"Jiangsu",35.3781901521343,35.3456968794512,21.8056660142162
"438",2020-02-01,"Guangdong",87.4930513329836,72.2671748411714,33.7935874448057
"439",2020-02-01,"Tianjin",5.75812445453812,5.92541925317987,4.93275766135864
"440",2020-02-01,"Zhejiang",85.1128714518945,52.4181371813449,20.52307104678
"441",2020-02-01,"Jiangxi",58.891399332175,56.110482850666,28.0409834199495
"442",2020-02-01,"Sichuan",27.4995049757411,23.1691833638146,15.8181451309465
"443",2020-02-01,"Shanghai",21.6886624669633,15.8733045303552,6.98913663096881
"444",2020-02-01,"Shaanxi",16.2351216045972,12.5701118571167,5.76173638607913
"445",2020-02-01,"Anhui",56.9542856715965,59.0922863786322,30.8763358519441
"446",2020-02-01,"Hunan",65.8840746330362,52.0970800446698,23.9501404011473
"447",2020-02-01,"Henan",80.094483080014,74.5647686022155,36.0248560614386
"448",2020-02-01,"Chongqing",31.5342323550997,25.5808954628064,14.8869655227028
"449",2020-02-02,"Fujian",18.3675145947011,11.3172368838654,4.97515152409108
"450",2020-02-02,"Hunan",66.2350169654068,46.2896489298441,19.3682669650663
"451",2020-02-02,"Beijing",23.1852475081298,16.5073331283626,8.36650393063034
"452",2020-02-02,"Chongqing",31.3379743224634,23.449038030728,12.9080130480242
"453",2020-02-02,"Jiangsu",36.8011849011849,33.3599155784973,18.4831544112749
"454",2020-02-02,"Jiangxi",62.1750827674126,50.9404276289906,22.859253060963
"455",2020-02-02,"Sichuan",27.1956737157804,21.7542736369943,14.340628413954
"456",2020-02-02,"Tianjin",5.96737051661862,5.78910238563778,4.55102861984414
"457",2020-02-02,"Shanghai",21.3940737205357,13.8113581841078,5.79725150820354
"458",2020-02-02,"Shaanxi",16.0798553923273,11.0710357171681,4.75968862934771
"459",2020-02-02,"Anhui",60.4645365755583,54.6708304704823,25.3394791225933
"460",2020-02-02,"Guangdong",88.7421309433045,63.8024264361949,28.0973093407246
"461",2020-02-02,"Zhejiang",81.5460865806225,44.3097222012838,16.7978722022452
"462",2020-02-02,"Henan",83.7962192492843,67.0819030938828,29.7435526192645
"463",2020-02-03,"Shanghai",20.5480408709656,11.8144177787727,4.78121363495632
"464",2020-02-03,"Sichuan",26.44842152995,20.2968201617337,12.8958407004236
"465",2020-02-03,"Chongqing",30.4953591245454,21.2784121468975,11.0726316278572
"466",2020-02-03,"Beijing",22.6261039956998,14.5875451651618,7.2370221462149
"467",2020-02-03,"Fujian",17.1564680749439,9.85696043743513,4.08811596934099
"468",2020-02-03,"Hunan",64.6735442289379,40.3787165320431,15.4032730603244
"469",2020-02-03,"Tianjin",6.0507391303363,5.63982320116168,4.11017120897921
"470",2020-02-03,"Jiangsu",37.3994745920357,30.9263462972188,15.2502927297977
"471",2020-02-03,"Zhejiang",75.7713439787499,36.9515130186455,13.7755740745091
"472",2020-02-03,"Henan",85.0394089743437,58.943705427447,24.2559929797717
"473",2020-02-03,"Jiangxi",63.4149915244607,45.2647301792673,18.2207896950847
"474",2020-02-03,"Anhui",62.438907762148,49.2064995708868,20.4234982873135
"475",2020-02-03,"Shaanxi",15.4748323023383,9.59696511306635,3.89965907392441
"476",2020-02-03,"Guangdong",86.9582398681841,55.3964266203798,23.1353925998883
"477",2020-02-04,"Sichuan",25.3978802871216,18.8082835489272,11.4994052856537
"478",2020-02-04,"Tianjin",6.02732557191139,5.46042659278546,3.64119423236636
"479",2020-02-04,"Chongqing",29.1168747743441,19.1107349502048,9.40880638892825
"480",2020-02-04,"Shanghai",19.2243328781754,9.98889460159331,3.91948214698269
"481",2020-02-04,"Fujian",15.7402084245441,8.46238584147339,3.33504742396879
"482",2020-02-04,"Henan",83.6379350345246,50.793672403688,19.542463000511
"483",2020-02-04,"Jiangsu",37.2276992076498,28.1287041530467,12.252144383719
"484",2020-02-04,"Beijing",21.5286283381393,12.7757997066769,6.26310781077795
"485",2020-02-04,"Shaanxi",14.5004377870234,8.19348567864281,3.17185009236947
"486",2020-02-04,"Anhui",62.7391312352268,43.1290354497818,16.1898776348111
"487",2020-02-04,"Jiangxi",62.5464077629393,39.4101852045191,14.2214215008595
"488",2020-02-04,"Guangdong",82.5744967624926,47.4700266482472,18.8673197168605
"489",2020-02-04,"Hunan",61.4476016872459,34.5888612077297,12.0792924309162
"490",2020-02-04,"Zhejiang",68.4334521668513,30.5279827254835,11.339717543133
"491",2020-02-05,"Sichuan",24.1657377450549,17.3113067378727,10.1614242443624
"492",2020-02-05,"Fujian",14.2454552831513,7.16897547276331,2.70465413553164
"493",2020-02-05,"Beijing",20.0241036819515,11.1305195513135,5.43328824357166
"494",2020-02-05,"Anhui",61.3600873626786,36.8932284826379,12.6442327971186
"495",2020-02-05,"Chongqing",27.3449194295557,16.9678359043042,7.92865250169439
"496",2020-02-05,"Jiangsu",36.3757793684264,25.0596978359314,9.60938004512287
"497",2020-02-05,"Jiangxi",59.7577534884047,33.6110399727813,10.9015009905759
"498",2020-02-05,"Henan",79.6898175624205,43.0782948803992,15.5587072181037
"499",2020-02-05,"Shanghai",17.5227221445432,8.38097447880649,3.19637814178967
"500",2020-02-05,"Hunan",56.9292514086527,29.0631407200012,9.37250465211191
"501",2020-02-05,"Shaanxi",13.2563584223485,6.90824020739468,2.55943889878306
"502",2020-02-05,"Guangdong",76.2377742442366,40.2509447989821,15.2470327490534
"503",2020-02-05,"Tianjin",5.93105294816328,5.23253085387996,3.17747237068734
"504",2020-02-05,"Zhejiang",60.2157892427168,25.0687401180297,9.38035597171474
"505",2020-02-06,"Beijing",18.2509011606717,9.66198150240027,4.73267208382982
"506",2020-02-06,"Jiangsu",34.9253315749962,21.8056660142162,7.38106524084934
"507",2020-02-06,"Sichuan",22.8274284852916,15.8181451309465,8.8891843191313
"508",2020-02-06,"Chongqing",25.3373287308799,14.8869655227028,6.63283328571913
"509",2020-02-06,"Tianjin",5.80148423158637,4.93275766135864,2.74246914305107
"510",2020-02-06,"Hunan",51.5812673709602,23.9501404011473,7.22031784309173
"511",2020-02-06,"Jiangxi",55.5369603165552,28.0409834199495,8.23516398159992
"512",2020-02-06,"Anhui",58.3815882719252,30.8763358519441,9.74661660608453
"513",2020-02-06,"Shanghai",15.5850881675268,6.98913663096881,2.59643796752512
"514",2020-02-06,"Guangdong",68.696704911084,33.7935874448057,12.2221586832138
"515",2020-02-06,"Shaanxi",11.8722585892653,5.76173638607913,2.04704162098501
"516",2020-02-06,"Henan",73.6845395698027,36.0248560614386,12.2456391513171
"517",2020-02-06,"Fujian",12.7328807371136,6.00249798987847,2.18313614201891
"518",2020-02-06,"Zhejiang",51.8216787525573,20.52307104678,7.80395477559846
"519",2020-02-07,"Beijing",16.3458661200738,8.36650393063034,4.14071116910118
"520",2020-02-07,"Sichuan",21.4333892524468,14.340628413954,7.68843890718698
"521",2020-02-07,"Chongqing",23.2257696323144,12.9080130480242,5.51276426059706
"522",2020-02-07,"Tianjin",5.66801854354746,4.55102861984414,2.34412499311376
"523",2020-02-07,"Fujian",11.2406562889541,4.97515152409108,1.7557944652938
"524",2020-02-07,"Zhejiang",43.8055282580164,16.7978722022452,6.53053048694059
"525",2020-02-07,"Jiangxi",50.4197498223101,22.859253060963,6.15133590697927
"526",2020-02-07,"Shanghai",13.5605812010334,5.79725150820354,2.10458588161439
"527",2020-02-07,"Anhui",54.0133088532189,25.3394791225933,7.42845626627367
"528",2020-02-07,"Hunan",45.8313355741031,19.3682669650663,5.53751898292325
"529",2020-02-07,"Jiangsu",32.9631671110225,18.4831544112749,5.57199950677692
"530",2020-02-07,"Henan",66.2900084798495,29.7435526192645,9.53947812019429
"531",2020-02-07,"Shaanxi",10.4564064647362,4.75968862934771,1.62250850416133
"532",2020-02-07,"Guangdong",60.6501703038954,28.0973093407246,9.74227722925028
"533",2020-02-08,"Sichuan",19.9974338087554,12.8958407004236,6.57937544726888
"534",2020-02-08,"Chongqing",21.0758112131366,11.0726316278572,4.55365295849504
"535",2020-02-08,"Shaanxi",9.06417164696708,3.89965907392441,1.27488449529239
"536",2020-02-08,"Jiangsu",30.5585401956373,15.2502927297977,4.14975135321033
"537",2020-02-08,"Beijing",14.4448566243914,7.2370221462149,3.63841276147478
"538",2020-02-08,"Henan",58.2478813570739,24.2559929797717,7.36715443366673
"539",2020-02-08,"Tianjin",5.52186165610402,4.11017120897921,1.98398260757382
"540",2020-02-08,"Jiangxi",44.8020654250297,18.2207896950847,4.55647624600873
"541",2020-02-08,"Zhejiang",36.5310470772448,13.7755740745091,5.49366339304746
"542",2020-02-08,"Shanghai",11.5998998430385,4.78121363495632,1.70532878358821
"543",2020-02-08,"Anhui",48.6146970154968,20.4234982873135,5.60967570468964
"544",2020-02-08,"Fujian",9.7902611271652,4.08811596934099,1.40902385749053
"545",2020-02-08,"Guangdong",52.6594817222699,23.1353925998883,7.73670335676673
"546",2020-02-08,"Hunan",39.9789272594486,15.4032730603244,4.2348793440609
"547",2020-02-09,"Shaanxi",7.73860899807479,3.17185009236947,0.993620249357384
"548",2020-02-09,"Sichuan",18.5308537164399,11.4994052856537,5.57840777081093
"549",2020-02-09,"Jiangsu",27.7941703249106,12.252144383719,3.06002630672123
"550",2020-02-09,"Jiangxi",39.0073615583846,14.2214215008595,3.35552401580133
"551",2020-02-09,"Chongqing",18.9287734053753,9.40880638892825,3.73847351481965
"552",2020-02-09,"Beijing",12.6508328122007,6.26310781077795,3.21083980517803
"553",2020-02-09,"Tianjin",5.34621727547456,3.64119423236636,1.66227048520692
"554",2020-02-09,"Hunan",34.246397235376,12.0792924309162,3.23343214369137
"555",2020-02-09,"Shanghai",9.80752323904924,3.91948214698269,1.38353893561889
"556",2020-02-09,"Guangdong",45.1246976229945,18.8673197168605,6.130336084677
"557",2020-02-09,"Fujian",8.40512322969293,3.33504742396879,1.1299421273408
"558",2020-02-09,"Anhui",42.6103260594926,16.1898776348111,4.20621404698617
"559",2020-02-09,"Henan",50.1940585920887,19.542463000511,5.6494734887123
"560",2020-02-09,"Zhejiang",30.1806092095667,11.339717543133,4.64132941333138
"561",2020-02-10,"Jiangsu",24.7616636071459,9.60938004512287,2.24021100496601
"562",2020-02-10,"Fujian",7.1204650092781,2.70465413553164,0.906546949775083
"563",2020-02-10,"Shanghai",8.22879860536943,3.19637814178967,1.12481480271308
"564",2020-02-10,"Sichuan",17.0559579222335,10.1614242443624,4.69569941460692
"565",2020-02-10,"Chongqing",16.8062778249522,7.92865250169439,3.04831768103814
"566",2020-02-10,"Beijing",11.0216460174316,5.43328824357166,2.84772094965427
"567",2020-02-10,"Jiangxi",33.2674911769066,10.9015009905759,2.46112560094362
"568",2020-02-10,"Shaanxi",6.52471633277594,2.55943889878306,0.768991933902668
"569",2020-02-10,"Henan",42.5697602663799,15.5587072181037,4.3079573494634
"570",2020-02-10,"Guangdong",38.2622855165593,15.2470327490534,4.85035091117105
"571",2020-02-10,"Hunan",28.7753868514864,9.37250465211191,2.46606801592832
"572",2020-02-10,"Anhui",36.4495166339388,12.6442327971186,3.13734896595985
"573",2020-02-10,"Tianjin",5.12308816355619,3.17747237068734,1.37878224438031
"574",2020-02-10,"Zhejiang",24.7834865369886,9.38035597171474,3.9311437593093
"575",2020-02-11,"Jiangxi",27.7543678883603,8.23516398159992,1.80043561755141
"576",2020-02-11,"Chongqing",14.745220307179,6.63283328571913,2.46717566696345
"577",2020-02-11,"Hunan",23.7130102981656,7.22031784309173,1.87927623456086
"578",2020-02-11,"Jiangsu",21.546331887514,7.38106524084934,1.6318942509627
"579",2020-02-11,"Shaanxi",5.44186281524477,2.04704162098501,0.591754617016473
"580",2020-02-11,"Shanghai",6.86223277580517,2.59643796752512,0.91687198863104
"581",2020-02-11,"Zhejiang",20.289541979005,7.80395477559846,3.33314379140284
"582",2020-02-11,"Fujian",5.96188075514747,2.18313614201891,0.728295065996293
"583",2020-02-11,"Anhui",30.5049886799728,9.74661660608453,2.33166006050304
"584",2020-02-11,"Tianjin",4.82958497413522,2.74246914305107,1.13247154358712
"585",2020-02-11,"Henan",35.5995865301545,12.2456391513171,3.27083632637392
"586",2020-02-11,"Beijing",9.56747252053124,4.73267208382982,2.54010203594095
"587",2020-02-11,"Sichuan",15.5848210563428,8.8891843191313,3.93254871764554
"588",2020-02-11,"Guangdong",32.123963745434,12.2221586832138,3.83376171915949
"589",2020-02-12,"Shaanxi",4.49544561371658,1.62250850416133,0.453446389075501
"590",2020-02-12,"Tianjin",4.4558401097703,2.34412499311376,0.92173371969436
"591",2020-02-12,"Jiangsu",18.263334814624,5.57199950677692,1.18456172561312
"592",2020-02-12,"Chongqing",12.7851102920068,5.51276426059706,1.98340401340695
"593",2020-02-12,"Sichuan",14.1290983118957,7.68843890718698,3.28254363189311
"594",2020-02-12,"Shanghai",5.69198906956635,2.10458588161439,0.749374482887424
"595",2020-02-12,"Fujian",4.94148605721095,1.7557944652938,0.585958762801815
"596",2020-02-12,"Jiangxi",22.62560159198,6.15133590697927,1.314888330835
"597",2020-02-12,"Zhejiang",16.6067316352681,6.53053048694059,2.83073730571307
"598",2020-02-12,"Henan",29.3924331960655,9.53947812019429,2.47516576080316
"599",2020-02-12,"Anhui",25.0347232747322,7.42845626627367,1.72849035652124
"600",2020-02-12,"Guangdong",26.709118943938,9.74227722925028,3.02736351120668
"601",2020-02-12,"Hunan",19.1765019456102,5.53751898292325,1.43110141136807
"602",2020-02-12,"Beijing",8.28466670416797,4.14071116910118,2.27867662360838
"603",2020-02-13,"Jiangxi",18.0345493893786,4.55647624600873,0.959350974884723
"604",2020-02-13,"Jiangsu",15.0689214593923,4.14975135321033,0.857796684715848
"605",2020-02-13,"Sichuan",12.7056218047974,6.57937544726888,2.73487083108491
"606",2020-02-13,"Fujian",4.0604528253942,1.40902385749053,0.4720715521474
"607",2020-02-13,"Shanghai",4.69439970146583,1.70532878358821,0.614078950528018
"608",2020-02-13,"Beijing",7.16623298204268,3.63841276147478,2.05540758695242
"609",2020-02-13,"Hunan",15.2507654062618,4.2348793440609,1.08917775078959
"610",2020-02-13,"Zhejiang",13.6188238023714,5.49366339304746,2.41044991864179
"611",2020-02-13,"Anhui",20.1778665398444,5.60967570468964,1.27923973451465
"612",2020-02-13,"Shaanxi",3.68316220745432,1.27488449529239,0.346480715601018
"613",2020-02-13,"Guangdong",21.9923532631463,7.73670335676673,2.38833058618008
"614",2020-02-13,"Chongqing",10.9672043294522,4.55365295849504,1.58541512704844
"615",2020-02-13,"Tianjin",4.02420359457548,1.98398260757382,0.744313876842353
"616",2020-02-13,"Henan",23.9696536048761,7.36715443366673,1.86852981104173
"617",2020-02-14,"Jiangsu",12.1064300009568,3.06002630672123,0.620164771670967
"618",2020-02-14,"Fujian",3.31248008545626,1.1299421273408,0.380629737040179
"619",2020-02-14,"Beijing",6.20184502090555,3.21083980517803,1.86287825930529
"620",2020-02-14,"Anhui",15.9951632974921,4.20621404698617,0.945777217865843
"621",2020-02-14,"Shaanxi",2.99575890262867,0.993620249357384,0.264211725192343
"622",2020-02-14,"Jiangxi",14.0760599697613,3.35552401580133,0.699555918012167
"623",2020-02-14,"Chongqing",9.3192210877877,3.73847351481965,1.26152241951283
"624",2020-02-14,"Sichuan",11.329784380386,5.57840777081093,2.27500584008278
"625",2020-02-14,"Hunan",11.9596954761546,3.23343214369137,0.828708235670492
"626",2020-02-14,"Shanghai",3.84831493120768,1.38353893561889,0.504455442818226
"627",2020-02-14,"Henan",19.3117663374573,5.6494734887123,1.408241797801
"628",2020-02-14,"Guangdong",17.9351510267401,6.130336084677,1.88283018214366
"629",2020-02-14,"Tianjin",3.56503565749889,1.66227048520692,0.597791403487966
"630",2020-02-14,"Zhejiang",11.2106845314243,4.64132941333138,2.05935871019283
"631",2020-02-15,"Jiangsu",9.49509597874645,2.24021100496601,0.447866417107018
"632",2020-02-15,"Jiangxi",10.7900733899551,2.46112560094362,0.509939727635854
"633",2020-02-15,"Shaanxi",2.41734686176031,0.768991933902668,0.201187955476072
"634",2020-02-15,"Chongqing",7.85316038371023,3.04831768103814,1.00038319497804
"635",2020-02-15,"Hunan",9.27970757634843,2.46606801592832,0.630436848753203
"636",2020-02-15,"Fujian",2.68635249310306,0.906546949775083,0.306940440405177
"637",2020-02-15,"Shanghai",3.13834054284554,1.12481480271308,0.415237190848859
"638",2020-02-15,"Tianjin",3.11101292030119,1.37878224438031,0.478338919120921
"639",2020-02-15,"Anhui",12.4921616409596,3.13734896595985,0.698769990915438
"640",2020-02-15,"Beijing",5.38014236040335,2.84772094965427,1.69311127759113
"641",2020-02-15,"Zhejiang",9.27361825295528,3.9311437593093,1.7656929422897
"642",2020-02-15,"Henan",15.3750383613914,4.3079573494634,1.06009707148262
"643",2020-02-15,"Sichuan",10.0115391036683,4.69569941460692,1.88899165256023
"644",2020-02-15,"Guangdong",14.4937298549912,4.85035091117105,1.48367838879631
"645",2020-02-16,"Henan",12.101080704969,3.27083632637392,0.797391195152297
"646",2020-02-16,"Anhui",9.62939484342739,2.33166006050304,0.51606441162678
"647",2020-02-16,"Jiangxi",8.15098983310586,1.80043561755141,0.37164959196223
"648",2020-02-16,"Tianjin",2.68510814327352,1.13247154358712,0.381813236350794
"649",2020-02-16,"Beijing",4.68637930009269,2.54010203594095,1.53994251884273
"650",2020-02-16,"Jiangsu",7.29328245507617,1.6318942509627,0.323216126235296
"651",2020-02-16,"Sichuan",8.75806523480924,3.93254871764554,1.56512858478627
"652",2020-02-16,"Chongqing",6.56967922103187,2.46717566696345,0.791446948905746
"653",2020-02-16,"Hunan",7.14882954761557,1.87927623456086,0.479566811049304
"654",2020-02-16,"Shanghai",2.54929366270323,0.91687198863104,0.342324120430727
"655",2020-02-16,"Guangdong",11.6183043031986,3.83376171915949,1.16893327380582
"656",2020-02-16,"Shaanxi",1.93339627710342,0.591754617016473,0.153057757615786
"657",2020-02-16,"Fujian",2.16836346682941,0.728295065996293,0.247401376386066
"658",2020-02-16,"Zhejiang",7.71515469886777,3.33314379140284,1.51946556033135
"659",2020-02-17,"Shanghai",2.06637228299673,0.749374482887424,0.282580351606485
"660",2020-02-17,"Jiangxi",6.08846120730992,1.314888330835,0.270816253491642
"661",2020-02-17,"Tianjin",2.29509568915632,0.92173371969436,0.304136163832472
"662",2020-02-17,"Beijing",4.1002086700322,2.27867662360838,1.39993604332555
"663",2020-02-17,"Jiangsu",5.50573188508939,1.18456172561312,0.233157189750971
"664",2020-02-17,"Anhui",7.33911482887575,1.72849035652124,0.381012604660028
"665",2020-02-17,"Chongqing",5.46027485588536,1.98340401340695,0.625173468332729
"666",2020-02-17,"Hunan",5.48269206230025,1.43110141136807,0.36476557009069
"667",2020-02-17,"Fujian",1.7439134923961,0.585958762801815,0.19928231211599
"668",2020-02-17,"Henan",9.42686561226501,2.47516576080316,0.599459527971901
"669",2020-02-17,"Guangdong",9.2609451725584,3.02736351120668,0.920878314127431
"670",2020-02-17,"Shaanxi",1.53243191020449,0.453446389075501,0.116372445733991
"671",2020-02-17,"Zhejiang",6.456220521672,2.83073730571307,1.31206736924573
"672",2020-02-17,"Sichuan",7.57503130608608,3.28254363189311,1.29388777289329
"673",2020-02-18,"Jiangxi",4.50990309834608,0.959350974884723,0.197306597029094
"674",2020-02-18,"Beijing",3.60282351038577,2.05540758695242,1.27104538133335
"675",2020-02-18,"Hunan",4.19294984560485,1.08917775078959,0.277409295247747
"676",2020-02-18,"Jiangsu",4.10039848581732,0.857796684715848,0.16814993064625
"677",2020-02-18,"Anhui",5.54220859270453,1.27923973451465,0.281233433526915
"678",2020-02-18,"Sichuan",6.48232698330574,2.73487083108491,1.06736923139343
"679",2020-02-18,"Guangdong",7.35445973434683,2.38833058618008,0.725433100831558
"680",2020-02-18,"Tianjin",1.94248597808573,0.744313876842353,0.24182837767769
"681",2020-02-18,"Fujian",1.39948938486633,0.4720715521474,0.160416839084633
"682",2020-02-18,"Shanghai",1.67436461614012,0.614078950528018,0.233524676876894
"683",2020-02-18,"Chongqing",4.51029566589984,1.58541512704844,0.493381271803406
"684",2020-02-18,"Shaanxi",1.20410689829996,0.346480715601018,0.0884488601048598
"685",2020-02-18,"Zhejiang",5.43115178901298,2.41044991864179,1.13643764038357
"686",2020-02-18,"Henan",7.2801859720146,1.86852981104173,0.450501141424721
"687",2020-02-19,"Anhui",4.15562625384438,0.945777217865843,0.20755205407694
"688",2020-02-19,"Beijing",3.17943287267081,1.86287825930529,1.15280427060213
"689",2020-02-19,"Tianjin",1.62750272959743,0.597791403487966,0.192062992460108
"690",2020-02-19,"Hunan",3.20141796405086,0.828708235670492,0.210949997258202
"691",2020-02-19,"Jiangxi",3.32122617092386,0.699555918012167,0.143734079351777
"692",2020-02-19,"Chongqing",3.70287789707741,1.26152241951283,0.389167582426782
"693",2020-02-19,"Jiangsu",3.02363350636275,0.620164771670967,0.121250752820937
"694",2020-02-19,"Shanghai",1.35841760318978,0.504455442818226,0.193170956377705
"695",2020-02-19,"Henan",5.58278206492287,1.408241797801,0.338488855914691
"696",2020-02-19,"Guangdong",5.82745748592488,1.88283018214366,0.571450223983621
"697",2020-02-19,"Shaanxi",0.938457562986798,0.264211725192343,0.0672120956107124
"698",2020-02-19,"Zhejiang",4.58851639481865,2.05935871019283,0.986711198658425
"699",2020-02-19,"Sichuan",5.49612398721229,2.27500584008278,0.879282828852013
"700",2020-02-19,"Fujian",1.12229612317785,0.380629737040179,0.12907888090926
"701",2020-02-20,"Anhui",3.09961632593472,0.698769990915438,0.15316454854122
"702",2020-02-20,"Beijing",2.81986587587545,1.69311127759113,1.04490432627787
"703",2020-02-20,"Shanghai",1.10439120215319,0.415237190848859,0.159913443523204
"704",2020-02-20,"Henan",4.25710237867119,1.06009707148262,0.25430658584836
"705",2020-02-20,"Chongqing",3.01929333446967,1.00038319497804,0.306893529779608
"706",2020-02-20,"Jiangsu",2.21356824320755,0.447866417107018,0.0874272621699333
"707",2020-02-20,"Tianjin",1.34994387870039,0.478338919120921,0.152460076709091
"708",2020-02-20,"Jiangxi",2.43596967784855,0.509939727635854,0.104702558395136
"709",2020-02-20,"Hunan",2.44165150091912,0.630436848753203,0.160400277126858
"710",2020-02-20,"Shaanxi",0.726299908555139,0.201187955476072,0.051069914107592
"711",2020-02-20,"Fujian",0.900412598657302,0.306940440405177,0.103848965545277
"712",2020-02-20,"Sichuan",4.62643593829787,1.88899165256023,0.723911551975078
"713",2020-02-20,"Guangdong",4.61071193100101,1.48367838879631,0.450137632207571
"714",2020-02-20,"Zhejiang",3.88641184100584,1.7656929422897,0.858182187624163
"715",2020-02-21,"Tianjin",1.10878496898175,0.381813236350794,0.120999403046336
"716",2020-02-21,"Jiangxi",1.78203281034995,0.37164959196223,0.0762688520215848
"717",2020-02-21,"Anhui",2.30361737520456,0.51606441162678,0.113026097866717
"718",2020-02-21,"Hunan",1.86066953916917,0.479566811049304,0.12195994572139
"719",2020-02-21,"Zhejiang",3.29521642855388,1.51946556033135,0.747041568589361
"720",2020-02-21,"Fujian",0.723366895808001,0.247401376386066,0.0835464486353666
"721",2020-02-21,"Sichuan",3.87454202452299,1.56512858478627,0.595860125456956
"722",2020-02-21,"Beijing",2.51525594643016,1.53994251884273,0.946781721502999
"723",2020-02-21,"Jiangsu",1.61248618196964,0.323216126235296,0.0630376439336726
"724",2020-02-21,"Henan",3.23222445713976,0.797391195152297,0.191054732065744
"725",2020-02-21,"Shanghai",0.900224068266561,0.342324120430727,0.132435776997785
"726",2020-02-21,"Chongqing",2.44368462400271,0.791446948905746,0.241991203021545
"727",2020-02-21,"Shaanxi",0.558902252777784,0.153057757615786,0.0388033071854442
"728",2020-02-21,"Guangdong",3.64434887761057,1.16893327380582,0.3545694664281
"729",2020-02-22,"Tianjin",0.902454900158937,0.304136163832472,NA
"730",2020-02-22,"Shanghai",0.735767865094563,0.282580351606485,NA
"731",2020-02-22,"Anhui",1.70770194403759,0.381012604660028,NA
"732",2020-02-22,"Hunan",1.41693209046344,0.36476557009069,NA
"733",2020-02-22,"Sichuan",3.23412477817053,1.29388777289329,NA
"734",2020-02-22,"Jiangxi",1.30144845205904,0.270816253491642,NA
"735",2020-02-22,"Chongqing",1.96451916888156,0.625173468332729,NA
"736",2020-02-22,"Beijing",2.25638767515071,1.39993604332555,NA
"737",2020-02-22,"Jiangsu",1.17047376882077,0.233157189750971,NA
"738",2020-02-22,"Zhejiang",2.79852675386085,1.31206736924573,NA
"739",2020-02-22,"Henan",2.44594669657839,0.599459527971901,NA
"740",2020-02-22,"Shaanxi",0.428272464769285,0.116372445733991,NA
"741",2020-02-22,"Guangdong",2.87779200231674,0.920878314127431,NA
"742",2020-02-22,"Fujian",0.581993742796553,0.19928231211599,NA
"743",2020-02-23,"Tianjin",0.728745939375432,0.24182837767769,NA
"744",2020-02-23,"Anhui",1.26385442260577,0.281233433526915,NA
"745",2020-02-23,"Beijing",2.03530255173573,1.27104538133335,NA
"746",2020-02-23,"Sichuan",2.69453037393641,1.06736923139343,NA
"747",2020-02-23,"Jiangxi",0.949545152972943,0.197306597029094,NA
"748",2020-02-23,"Shanghai",0.602928934394188,0.233524676876894,NA
"749",2020-02-23,"Chongqing",1.57031970625665,0.493381271803406,NA
"750",2020-02-23,"Jiangsu",0.84759493467649,0.16814993064625,NA
"751",2020-02-23,"Zhejiang",2.38302175639767,1.13643764038357,NA
"752",2020-02-23,"Hunan",1.07839381266296,0.277409295247747,NA
"753",2020-02-23,"Shaanxi",0.327245190700518,0.0884488601048598,NA
"754",2020-02-23,"Fujian",0.468877175227036,0.160416839084633,NA
"755",2020-02-23,"Henan",1.84647201862261,0.450501141424721,NA
"756",2020-02-23,"Guangdong",2.27033147303078,0.725433100831558,NA
"757",2020-02-24,"Chongqing",1.24951092079812,0.389167582426782,NA
"758",2020-02-24,"Henan",1.39161765561806,0.338488855914691,NA
"759",2020-02-24,"Shaanxi",0.249543517150445,0.0672120956107124,NA
"760",2020-02-24,"Hunan",0.820503203634151,0.210949997258202,NA
"761",2020-02-24,"Jiangxi",0.692405541425346,0.143734079351777,NA
"762",2020-02-24,"Shanghai",0.495295893673307,0.193170956377705,NA
"763",2020-02-24,"Anhui",0.934402432436201,0.20755205407694,NA
"764",2020-02-24,"Tianjin",0.585288104171225,0.192062992460108,NA
"765",2020-02-24,"Guangdong",1.78980608699147,0.571450223983621,NA
"766",2020-02-24,"Fujian",0.378054121454629,0.12907888090926,NA
"767",2020-02-24,"Zhejiang",2.03592556421242,0.986711198658425,NA
"768",2020-02-24,"Sichuan",2.24144857859851,0.879282828852013,NA
"769",2020-02-24,"Jiangsu",0.612789170789624,0.121250752820937,NA
"770",2020-02-24,"Beijing",1.84465645588027,1.15280427060213,NA
"771",2020-02-25,"Chongqing",0.990858115379898,0.306893529779608,NA
"772",2020-02-25,"Shaanxi",0.190018629874421,0.051069914107592,NA
"773",2020-02-25,"Tianjin",0.468334066850182,0.152460076709091,NA
"774",2020-02-25,"Guangdong",1.41037499642266,0.450137632207571,NA
"775",2020-02-25,"Shanghai",0.407697604329325,0.159913443523204,NA
"776",2020-02-25,"Anhui",0.690365941250051,0.15316454854122,NA
"777",2020-02-25,"Hunan",0.624194899755646,0.160400277126858,NA
"778",2020-02-25,"Sichuan",1.86112825735054,0.723911551975078,NA
"779",2020-02-25,"Jiangxi",0.504727476555857,0.104702558395136,NA
"780",2020-02-25,"Henan",1.04758274015715,0.25430658584836,NA
"781",2020-02-25,"Beijing",1.67655005534119,1.04490432627787,NA
"782",2020-02-25,"Jiangsu",0.44253995534777,0.0874272621699333,NA
"783",2020-02-25,"Fujian",0.304863459798536,0.103848965545277,NA
"784",2020-02-25,"Zhejiang",1.74560137676084,0.858182187624163,NA
"785",2020-02-26,"Shaanxi",0.144560469959455,0.0388033071854442,NA
"786",2020-02-26,"Hunan",0.474818624801291,0.12195994572139,NA
"787",2020-02-26,"Sichuan",1.54204230155534,0.595860125456956,NA
"788",2020-02-26,"Jiangxi",0.367850846969236,0.0762688520215848,NA
"789",2020-02-26,"Zhejiang",1.50217578069693,0.747041568589361,NA
"790",2020-02-26,"Beijing",1.52487952171771,0.946781721502999,NA
"791",2020-02-26,"Jiangsu",0.319372126617094,0.0630376439336726,NA
"792",2020-02-26,"Chongqing",0.783911241364998,0.241991203021545,NA
"793",2020-02-26,"Anhui",0.509857747055841,0.113026097866717,NA
"794",2020-02-26,"Henan",0.787978078296698,0.191054732065744,NA
"795",2020-02-26,"Tianjin",0.373827298196895,0.120999403046336,NA
"796",2020-02-26,"Fujian",0.245727280069101,0.0835464486353666,NA
"797",2020-02-26,"Guangdong",1.11118034360514,0.3545694664281,NA
"798",2020-02-26,"Shanghai",0.336108438452832,0.132435776997785,NA
"799",2020-02-27,"Henan",0.592382973049666,NA,NA
"800",2020-02-27,"Jiangsu",0.230384258341815,NA,NA
"801",2020-02-27,"Tianjin",0.297774905595476,NA,NA
"802",2020-02-27,"Shaanxi",0.109911811774132,NA,NA
"803",2020-02-27,"Anhui",0.376430197152078,NA,NA
"804",2020-02-27,"Hunan",0.361154029792762,NA,NA
"805",2020-02-27,"Chongqing",0.619220922269971,NA,NA
"806",2020-02-27,"Shanghai",0.277449455201705,NA,NA
"807",2020-02-27,"Fujian",0.197933824126056,NA,NA
"808",2020-02-27,"Zhejiang",1.29713754373865,NA,NA
"809",2020-02-27,"Jiangxi",0.268048157120162,NA,NA
"810",2020-02-27,"Beijing",1.38624252402999,NA,NA
"811",2020-02-27,"Sichuan",1.27480240196312,NA,NA
"812",2020-02-27,"Guangdong",0.875380917320544,NA,NA
"813",2020-02-28,"Henan",0.445183024152306,NA,NA
"814",2020-02-28,"Shaanxi",0.0835384562227371,NA,NA
"815",2020-02-28,"Chongqing",0.488683576050666,NA,NA
"816",2020-02-28,"Shanghai",0.229284499107266,NA,NA
"817",2020-02-28,"Jiangsu",0.166150128604398,NA,NA
"818",2020-02-28,"Tianjin",0.236770338081028,NA,NA
"819",2020-02-28,"Zhejiang",1.12350628025047,NA,NA
"820",2020-02-28,"Anhui",0.277851061968813,NA,NA
"821",2020-02-28,"Hunan",0.274662668562126,NA,NA
"822",2020-02-28,"Sichuan",1.05162510108524,NA,NA
"823",2020-02-28,"Jiangxi",0.195289865506286,NA,NA
"824",2020-02-28,"Fujian",0.159331342943044,NA,NA
"825",2020-02-28,"Guangdong",0.689591972705245,NA,NA
"826",2020-02-28,"Beijing",1.25861261018084,NA,NA
"827",2020-02-29,"Zhejiang",0.975483554128005,NA,NA
"828",2020-02-29,"Sichuan",0.866313049484174,NA,NA
"829",2020-02-29,"Jiangxi",0.142264929039039,NA,NA
"830",2020-02-29,"Fujian",0.128205440016227,NA,NA
"831",2020-02-29,"Shanghai",0.189663493243939,NA,NA
"832",2020-02-29,"Chongqing",0.385462150130198,NA,NA
"833",2020-02-29,"Henan",0.334493031563464,NA,NA
"834",2020-02-29,"Guangdong",0.543216854604515,NA,NA
"835",2020-02-29,"Tianjin",0.188045836863045,NA,NA
"836",2020-02-29,"Anhui",0.205055842457534,NA,NA
"837",2020-02-29,"Hunan",0.208861383423963,NA,NA
"838",2020-02-29,"Shaanxi",0.0634806904256013,NA,NA
"839",2020-02-29,"Jiangsu",0.119808721283157,NA,NA
"840",2020-02-29,"Beijing",1.14152807866554,NA,NA
"841",2020-03-01,"Shanghai",0.157009847049547,NA,NA
"842",2020-03-01,"Jiangsu",0.0863874923839512,NA,NA
"843",2020-03-01,"Tianjin",0.149271248696804,NA,NA
"844",2020-03-01,"Anhui",0.151322451013205,NA,NA
"845",2020-03-01,"Guangdong",0.427897896342288,NA,NA
"846",2020-03-01,"Chongqing",0.303971464201158,NA,NA
"847",2020-03-01,"Hunan",0.158812155571147,NA,NA
"848",2020-03-01,"Jiangxi",0.10363236128458,NA,NA
"849",2020-03-01,"Henan",0.251304524094616,NA,NA
"850",2020-03-01,"Fujian",0.103146248473612,NA,NA
"851",2020-03-01,"Sichuan",0.713233562137377,NA,NA
"852",2020-03-01,"Shaanxi",0.048234672317067,NA,NA
"853",2020-03-01,"Beijing",1.03468356110641,NA,NA
"854",2020-03-01,"Zhejiang",0.848417056187444,NA,NA
"855",2020-03-02,"Henan",0.188799351607967,NA,NA
"856",2020-03-02,"Anhui",0.111666742209912,NA,NA
"857",2020-03-02,"Chongqing",0.239687100471241,NA,NA
"858",2020-03-02,"Guangdong",0.337051421467978,NA,NA
"859",2020-03-02,"Shanghai",0.130031100776671,NA,NA
"860",2020-03-02,"Jiangsu",0.0622879391400542,NA,NA
"861",2020-03-02,"Hunan",0.120752421506326,NA,NA
"862",2020-03-02,"Jiangxi",0.0754892845849338,NA,NA
"863",2020-03-02,"Zhejiang",0.738541090239695,NA,NA
"864",2020-03-02,"Beijing",0.937520745736359,NA,NA
"865",2020-03-02,"Fujian",0.0829811130499343,NA,NA
"866",2020-03-02,"Sichuan",0.587070946244439,NA,NA
"867",2020-03-02,"Tianjin",0.118468600922706,NA,NA
"868",2020-03-02,"Shaanxi",0.0366490690187034,NA,NA
