n,dates,province_raw,date_full,date
185.95159013558006,2019-12-02,Hubei,2019-12-02,0
199.05684108429577,2019-12-03,Hubei,2019-12-03,1
213.0857066270227,2019-12-04,Hubei,2019-12-04,2
228.1032800551147,2019-12-05,Hubei,2019-12-05,3
244.17924221907296,2019-12-06,Hubei,2019-12-06,4
261.3881848444896,2019-12-07,Hubei,2019-12-07,5
279.80995663422664,2019-12-08,Hubei,2019-12-08,6
299.530033762726,2019-12-09,Hubei,2019-12-09,7
320.6399164815336,2019-12-10,Hubei,2019-12-10,8
343.237553676257,2019-12-11,Hubei,2019-12-11,9
367.42779734489625,2019-12-12,Hubei,2019-12-12,10
393.3228891062943,2019-12-13,Hubei,2019-12-13,11
421.0429809960898,2019-12-14,Hubei,2019-12-14,12
450.71669296664044,2019-12-15,Hubei,2019-12-15,13
482.48170967769073,2019-12-16,Hubei,2019-12-16,14
516.4854193468649,2019-12-17,Hubei,2019-12-17,15
552.8855976242229,2019-12-18,Hubei,2019-12-18,16
591.851139664026,2019-12-19,Hubei,2019-12-19,17
633.5628437904876,2019-12-20,Hubei,2019-12-20,18
678.2142503936932,2019-12-21,Hubei,2019-12-21,19
726.0125399481087,2019-12-22,Hubei,2019-12-22,20
777.1794943204657,2019-12-23,Hubei,2019-12-23,21
831.9525258274269,2019-12-24,Hubei,2019-12-24,22
890.5857788178253,2019-12-25,Hubei,2019-12-25,23
953.3513088907613,2019-12-26,Hubei,2019-12-26,24
1020.5403452210799,2019-12-27,Hubei,2019-12-27,25
1092.4646418493567,2019-12-28,Hubei,2019-12-28,26
1169.457924206318,2019-12-29,Hubei,2019-12-29,27
1251.8774375835023,2019-12-30,Hubei,2019-12-30,28
1340.1056047349905,2019-12-31,Hubei,2019-12-31,29
1434.5518003014142,2020-01-01,Hubei,2020-01-01,30
1535.6542502894702,2020-01-02,Hubei,2020-01-02,31
1643.8820654204503,2020-01-03,Hubei,2020-01-03,32
1759.7374177824304,2020-01-04,Hubei,2020-01-04,33
1883.7578708856763,2020-01-05,Hubei,2020-01-05,34
2016.5188739326275,2020-01-06,Hubei,2020-01-06,35
2158.6364318757483,2020-01-07,Hubei,2020-01-07,36
2310.769963652194,2020-01-08,Hubei,2020-01-08,37
2473.625361857376,2020-01-09,Hubei,2020-01-09,38
2647.9582680541607,2020-01-10,Hubei,2020-01-10,39
2834.5775789149848,2020-01-11,Hubei,2020-01-11,40
3034.349199465249,2020-01-12,Hubei,2020-01-12,41
3248.200060842844,2020-01-13,Hubei,2020-01-13,42
3477.1224212160055,2020-01-14,Hubei,2020-01-14,43
3722.178469815624,2020-01-15,Hubei,2020-01-15,44
3984.505255444472,2020-01-16,Hubei,2020-01-16,45
4265.3199623313785,2020-01-17,Hubei,2020-01-17,46
4565.925557810094,2020-01-18,Hubei,2020-01-18,47
4887.716838027847,2020-01-19,Hubei,2020-01-19,48
5232.186899735381,2020-01-20,Hubei,2020-01-20,49
5600.934068187251,2020-01-21,Hubei,2020-01-21,50
5995.669313297475,2020-01-22,Hubei,2020-01-22,51
6418.224188461416,2020-01-23,Hubei,2020-01-23,52
6671.910611681365,2020-01-24,Hubei,2020-01-24,53
6415.027420581628,2020-01-25,Hubei,2020-01-25,54
5742.722835321965,2020-01-26,Hubei,2020-01-26,55
4914.756576600413,2020-01-27,Hubei,2020-01-27,56
4109.539679219358,2020-01-28,Hubei,2020-01-28,57
3403.2827214390877,2020-01-29,Hubei,2020-01-29,58
2812.4710800586554,2020-01-30,Hubei,2020-01-30,59
2328.1486230695646,2020-01-31,Hubei,2020-01-31,60
1933.7130530314034,2020-02-01,Hubei,2020-02-01,61
1612.3653899591147,2020-02-02,Hubei,2020-02-02,62
1349.6024652422652,2020-02-03,Hubei,2020-02-03,63
1133.6637853970612,2020-02-04,Hubei,2020-02-04,64
955.2566787909834,2020-02-05,Hubei,2020-02-05,65
807.1013006514178,2020-02-06,Hubei,2020-02-06,66
683.4930106257699,2020-02-07,Hubei,2020-02-07,67
579.9394598981842,2020-02-08,Hubei,2020-02-08,68
492.8773516206832,2020-02-09,Hubei,2020-02-09,69
419.4572171086589,2020-02-10,Hubei,2020-02-10,70
357.3815477189925,2020-02-11,Hubei,2020-02-11,71
304.78321046016447,2020-02-12,Hubei,2020-02-12,72
260.1337583063328,2020-02-13,Hubei,2020-02-13,73
222.1737921152043,2020-02-14,Hubei,2020-02-14,74
189.85959755260652,2020-02-15,Hubei,2020-02-15,75
162.32184940921752,2020-02-16,Hubei,2020-02-16,76
138.83332859863484,2020-02-17,Hubei,2020-02-17,77
118.7834306457411,2020-02-18,Hubei,2020-02-18,78
101.65784282347033,2020-02-19,Hubei,2020-02-19,79
87.02219596663582,2020-02-20,Hubei,2020-02-20,80
74.50880503467862,2020-02-21,Hubei,2020-02-21,81
63.80583477784381,2020-02-22,Hubei,2020-02-22,82
54.648388297056336,2020-02-23,Hubei,2020-02-23,83
46.81113445089048,2020-02-24,Hubei,2020-02-24,84
40.10217731807074,2020-02-25,Hubei,2020-02-25,85
34.35793597330244,2020-02-26,Hubei,2020-02-26,86
29.438851817997396,2020-02-27,Hubei,2020-02-27,87
25.225777975240273,2020-02-28,Hubei,2020-02-28,88
21.616933907562913,2020-02-29,Hubei,2020-02-29,89
18.52533066622,2020-03-01,Hubei,2020-03-01,90
15.876589633269084,2020-03-02,Hubei,2020-03-02,91
13.607091437577443,2020-03-03,Hubei,2020-03-03,92
11.662402767015074,2020-03-04,Hubei,2020-03-04,93
9.995937693478451,2020-03-05,Hubei,2020-03-05,94
0,2019-12-02,Anhui,2019-12-02,0
5.563774606373433,2019-12-02,Beijing,2019-12-02,0
3.477359128983396,2019-12-02,Chongqing,2019-12-02,0
0,2019-12-02,Fujian,2019-12-02,0
8.34566190956015,2019-12-02,Guangdong,2019-12-02,0
0.6954718257966791,2019-12-02,Henan,2019-12-02,0
0.6954718257966791,2019-12-02,Hunan,2019-12-02,0
0,2019-12-02,Jiangsu,2019-12-02,0
1.3909436515933582,2019-12-02,Jiangxi,2019-12-02,0
0,2019-12-02,Shaanxi,2019-12-02,0
6.259246432170113,2019-12-02,Shanghai,2019-12-02,0
1.3909436515933582,2019-12-02,Sichuan,2019-12-02,0
1.3909436515933582,2019-12-02,Tianjin,2019-12-02,0
3.477359128983396,2019-12-02,Zhejiang,2019-12-02,0
0,2019-12-03,Anhui,2019-12-03,1
6.057809395489089,2019-12-03,Beijing,2019-12-03,1
3.786130872180681,2019-12-03,Chongqing,2019-12-03,1
0,2019-12-03,Fujian,2019-12-03,1
9.086714093233635,2019-12-03,Guangdong,2019-12-03,1
0.7572261744361362,2019-12-03,Henan,2019-12-03,1
0.7572261744361362,2019-12-03,Hunan,2019-12-03,1
0,2019-12-03,Jiangsu,2019-12-03,1
1.5144523488722723,2019-12-03,Jiangxi,2019-12-03,1
0,2019-12-03,Shaanxi,2019-12-03,1
6.815035569925226,2019-12-03,Shanghai,2019-12-03,1
1.5144523488722723,2019-12-03,Sichuan,2019-12-03,1
1.5144523488722723,2019-12-03,Tianjin,2019-12-03,1
3.786130872180681,2019-12-03,Zhejiang,2019-12-03,1
0,2019-12-04,Anhui,2019-12-04,2
6.595711952464525,2019-12-04,Beijing,2019-12-04,2
4.122319970290328,2019-12-04,Chongqing,2019-12-04,2
0,2019-12-04,Fujian,2019-12-04,2
9.893567928696788,2019-12-04,Guangdong,2019-12-04,2
0.8244639940580656,2019-12-04,Henan,2019-12-04,2
0.8244639940580656,2019-12-04,Hunan,2019-12-04,2
0,2019-12-04,Jiangsu,2019-12-04,2
1.6489279881161312,2019-12-04,Jiangxi,2019-12-04,2
0,2019-12-04,Shaanxi,2019-12-04,2
7.420175946522591,2019-12-04,Shanghai,2019-12-04,2
1.6489279881161312,2019-12-04,Sichuan,2019-12-04,2
1.6489279881161312,2019-12-04,Tianjin,2019-12-04,2
4.122319970290328,2019-12-04,Zhejiang,2019-12-04,2
0,2019-12-05,Anhui,2019-12-05,3
7.181377511197029,2019-12-05,Beijing,2019-12-05,3
4.488360944498144,2019-12-05,Chongqing,2019-12-05,3
0,2019-12-05,Fujian,2019-12-05,3
10.772066266795544,2019-12-05,Guangdong,2019-12-05,3
0.8976721888996286,2019-12-05,Henan,2019-12-05,3
0.8976721888996286,2019-12-05,Hunan,2019-12-05,3
0,2019-12-05,Jiangsu,2019-12-05,3
1.7953443777992573,2019-12-05,Jiangxi,2019-12-05,3
0,2019-12-05,Shaanxi,2019-12-05,3
8.07904970009666,2019-12-05,Shanghai,2019-12-05,3
1.7953443777992573,2019-12-05,Sichuan,2019-12-05,3
1.7953443777992573,2019-12-05,Tianjin,2019-12-05,3
4.488360944498144,2019-12-05,Zhejiang,2019-12-05,3
0,2019-12-06,Anhui,2019-12-06,4
7.819047182473789,2019-12-06,Beijing,2019-12-06,4
4.886904489046119,2019-12-06,Chongqing,2019-12-06,4
0,2019-12-06,Fujian,2019-12-06,4
11.728570773710684,2019-12-06,Guangdong,2019-12-06,4
0.9773808978092237,2019-12-06,Henan,2019-12-06,4
0.9773808978092237,2019-12-06,Hunan,2019-12-06,4
0,2019-12-06,Jiangsu,2019-12-06,4
1.9547617956184473,2019-12-06,Jiangxi,2019-12-06,4
0,2019-12-06,Shaanxi,2019-12-06,4
8.796428080283015,2019-12-06,Shanghai,2019-12-06,4
1.9547617956184473,2019-12-06,Sichuan,2019-12-06,4
1.9547617956184473,2019-12-06,Tianjin,2019-12-06,4
4.886904489046119,2019-12-06,Zhejiang,2019-12-06,4
0,2019-12-07,Anhui,2019-12-07,5
8.513338666074468,2019-12-07,Beijing,2019-12-07,5
5.320836666296543,2019-12-07,Chongqing,2019-12-07,5
0,2019-12-07,Fujian,2019-12-07,5
12.770007999111701,2019-12-07,Guangdong,2019-12-07,5
1.0641673332593085,2019-12-07,Henan,2019-12-07,5
1.0641673332593085,2019-12-07,Hunan,2019-12-07,5
0,2019-12-07,Jiangsu,2019-12-07,5
2.128334666518617,2019-12-07,Jiangxi,2019-12-07,5
0,2019-12-07,Shaanxi,2019-12-07,5
9.577505999333777,2019-12-07,Shanghai,2019-12-07,5
2.128334666518617,2019-12-07,Sichuan,2019-12-07,5
2.128334666518617,2019-12-07,Tianjin,2019-12-07,5
5.320836666296543,2019-12-07,Zhejiang,2019-12-07,5
0,2019-12-08,Anhui,2019-12-08,6
9.269279689951732,2019-12-08,Beijing,2019-12-08,6
5.793299806219832,2019-12-08,Chongqing,2019-12-08,6
0,2019-12-08,Fujian,2019-12-08,6
13.903919534927597,2019-12-08,Guangdong,2019-12-08,6
1.1586599612439665,2019-12-08,Henan,2019-12-08,6
1.1586599612439665,2019-12-08,Hunan,2019-12-08,6
0,2019-12-08,Jiangsu,2019-12-08,6
2.317319922487933,2019-12-08,Jiangxi,2019-12-08,6
0,2019-12-08,Shaanxi,2019-12-08,6
10.427939651195699,2019-12-08,Shanghai,2019-12-08,6
2.317319922487933,2019-12-08,Sichuan,2019-12-08,6
2.317319922487933,2019-12-08,Tianjin,2019-12-08,6
5.793299806219832,2019-12-08,Zhejiang,2019-12-08,6
0,2019-12-09,Anhui,2019-12-09,7
10.092344418640337,2019-12-09,Beijing,2019-12-09,7
6.307715261650212,2019-12-09,Chongqing,2019-12-09,7
0,2019-12-09,Fujian,2019-12-09,7
15.138516627960508,2019-12-09,Guangdong,2019-12-09,7
1.2615430523300422,2019-12-09,Henan,2019-12-09,7
1.2615430523300422,2019-12-09,Hunan,2019-12-09,7
0,2019-12-09,Jiangsu,2019-12-09,7
2.5230861046600843,2019-12-09,Jiangxi,2019-12-09,7
0,2019-12-09,Shaanxi,2019-12-09,7
11.353887470970381,2019-12-09,Shanghai,2019-12-09,7
2.5230861046600843,2019-12-09,Sichuan,2019-12-09,7
2.5230861046600843,2019-12-09,Tianjin,2019-12-09,7
6.307715261650212,2019-12-09,Zhejiang,2019-12-09,7
0,2019-12-10,Anhui,2019-12-10,8
10.988493094547161,2019-12-10,Beijing,2019-12-10,8
6.8678081840919765,2019-12-10,Chongqing,2019-12-10,8
0,2019-12-10,Fujian,2019-12-10,8
16.482739641820743,2019-12-10,Guangdong,2019-12-10,8
1.3735616368183952,2019-12-10,Henan,2019-12-10,8
1.3735616368183952,2019-12-10,Hunan,2019-12-10,8
0,2019-12-10,Jiangsu,2019-12-10,8
2.7471232736367903,2019-12-10,Jiangxi,2019-12-10,8
0,2019-12-10,Shaanxi,2019-12-10,8
12.362054731365557,2019-12-10,Shanghai,2019-12-10,8
2.7471232736367903,2019-12-10,Sichuan,2019-12-10,8
2.7471232736367903,2019-12-10,Tianjin,2019-12-10,8
6.8678081840919765,2019-12-10,Zhejiang,2019-12-10,8
0,2019-12-11,Anhui,2019-12-11,9
11.964215199185388,2019-12-11,Beijing,2019-12-11,9
7.4776344994908674,2019-12-11,Chongqing,2019-12-11,9
0,2019-12-11,Fujian,2019-12-11,9
17.94632279877808,2019-12-11,Guangdong,2019-12-11,9
1.4955268998981734,2019-12-11,Henan,2019-12-11,9
1.4955268998981734,2019-12-11,Hunan,2019-12-11,9
0,2019-12-11,Jiangsu,2019-12-11,9
2.991053799796347,2019-12-11,Jiangxi,2019-12-11,9
0,2019-12-11,Shaanxi,2019-12-11,9
13.459742099083563,2019-12-11,Shanghai,2019-12-11,9
2.991053799796347,2019-12-11,Sichuan,2019-12-11,9
2.991053799796347,2019-12-11,Tianjin,2019-12-11,9
7.4776344994908674,2019-12-11,Zhejiang,2019-12-11,9
0,2019-12-12,Anhui,2019-12-12,10
13.026576446906125,2019-12-12,Beijing,2019-12-12,10
8.14161027931633,2019-12-12,Chongqing,2019-12-12,10
0,2019-12-12,Fujian,2019-12-12,10
19.53986467035919,2019-12-12,Guangdong,2019-12-12,10
1.6283220558632656,2019-12-12,Henan,2019-12-12,10
1.6283220558632656,2019-12-12,Hunan,2019-12-12,10
0,2019-12-12,Jiangsu,2019-12-12,10
3.2566441117265312,2019-12-12,Jiangxi,2019-12-12,10
0,2019-12-12,Shaanxi,2019-12-12,10
14.654898502769393,2019-12-12,Shanghai,2019-12-12,10
3.2566441117265312,2019-12-12,Sichuan,2019-12-12,10
3.2566441117265312,2019-12-12,Tianjin,2019-12-12,10
8.14161027931633,2019-12-12,Zhejiang,2019-12-12,10
0,2019-12-13,Anhui,2019-12-13,11
14.183269951433457,2019-12-13,Beijing,2019-12-13,11
8.864543719645912,2019-12-13,Chongqing,2019-12-13,11
0,2019-12-13,Fujian,2019-12-13,11
21.27490492715019,2019-12-13,Guangdong,2019-12-13,11
1.7729087439291822,2019-12-13,Henan,2019-12-13,11
1.7729087439291822,2019-12-13,Hunan,2019-12-13,11
0,2019-12-13,Jiangsu,2019-12-13,11
3.5458174878583644,2019-12-13,Jiangxi,2019-12-13,11
0,2019-12-13,Shaanxi,2019-12-13,11
15.956178695362642,2019-12-13,Shanghai,2019-12-13,11
3.5458174878583644,2019-12-13,Sichuan,2019-12-13,11
3.5458174878583644,2019-12-13,Tianjin,2019-12-13,11
8.864543719645912,2019-12-13,Zhejiang,2019-12-13,11
0,2019-12-14,Anhui,2019-12-14,12
15.442671935726652,2019-12-14,Beijing,2019-12-14,12
9.651669959829158,2019-12-14,Chongqing,2019-12-14,12
0,2019-12-14,Fujian,2019-12-14,12
23.16400790358998,2019-12-14,Guangdong,2019-12-14,12
1.9303339919658316,2019-12-14,Henan,2019-12-14,12
1.9303339919658316,2019-12-14,Hunan,2019-12-14,12
0,2019-12-14,Jiangsu,2019-12-14,12
3.860667983931663,2019-12-14,Jiangxi,2019-12-14,12
0,2019-12-14,Shaanxi,2019-12-14,12
17.373005927692486,2019-12-14,Shanghai,2019-12-14,12
3.860667983931663,2019-12-14,Sichuan,2019-12-14,12
3.860667983931663,2019-12-14,Tianjin,2019-12-14,12
9.651669959829158,2019-12-14,Zhejiang,2019-12-14,12
0,2019-12-15,Anhui,2019-12-15,13
16.81390238859395,2019-12-15,Beijing,2019-12-15,13
10.50868899287122,2019-12-15,Chongqing,2019-12-15,13
0,2019-12-15,Fujian,2019-12-15,13
25.220853582890925,2019-12-15,Guangdong,2019-12-15,13
2.1017377985742436,2019-12-15,Henan,2019-12-15,13
2.1017377985742436,2019-12-15,Hunan,2019-12-15,13
0,2019-12-15,Jiangsu,2019-12-15,13
4.203475597148487,2019-12-15,Jiangxi,2019-12-15,13
0,2019-12-15,Shaanxi,2019-12-15,13
18.915640187168197,2019-12-15,Shanghai,2019-12-15,13
4.203475597148487,2019-12-15,Sichuan,2019-12-15,13
4.203475597148487,2019-12-15,Tianjin,2019-12-15,13
10.50868899287122,2019-12-15,Zhejiang,2019-12-15,13
0,2019-12-16,Anhui,2019-12-16,14
18.306891107303855,2019-12-16,Beijing,2019-12-16,14
11.44180694206491,2019-12-16,Chongqing,2019-12-16,14
0,2019-12-16,Fujian,2019-12-16,14
27.460336660955782,2019-12-16,Guangdong,2019-12-16,14
2.288361388412982,2019-12-16,Henan,2019-12-16,14
2.288361388412982,2019-12-16,Hunan,2019-12-16,14
0,2019-12-16,Jiangsu,2019-12-16,14
4.576722776825964,2019-12-16,Jiangxi,2019-12-16,14
0,2019-12-16,Shaanxi,2019-12-16,14
20.59525249571684,2019-12-16,Shanghai,2019-12-16,14
4.576722776825964,2019-12-16,Sichuan,2019-12-16,14
4.576722776825964,2019-12-16,Tianjin,2019-12-16,14
11.44180694206491,2019-12-16,Zhejiang,2019-12-16,14
0,2019-12-17,Anhui,2019-12-17,15
19.93244960444349,2019-12-17,Beijing,2019-12-17,15
12.457781002777182,2019-12-17,Chongqing,2019-12-17,15
0,2019-12-17,Fujian,2019-12-17,15
29.898674406665236,2019-12-17,Guangdong,2019-12-17,15
2.4915562005554364,2019-12-17,Henan,2019-12-17,15
2.4915562005554364,2019-12-17,Hunan,2019-12-17,15
0,2019-12-17,Jiangsu,2019-12-17,15
4.983112401110873,2019-12-17,Jiangxi,2019-12-17,15
0,2019-12-17,Shaanxi,2019-12-17,15
22.424005804998927,2019-12-17,Shanghai,2019-12-17,15
4.983112401110873,2019-12-17,Sichuan,2019-12-17,15
4.983112401110873,2019-12-17,Tianjin,2019-12-17,15
12.457781002777182,2019-12-17,Zhejiang,2019-12-17,15
0,2019-12-18,Anhui,2019-12-18,16
21.70234939973882,2019-12-18,Beijing,2019-12-18,16
13.563968374836765,2019-12-18,Chongqing,2019-12-18,16
0,2019-12-18,Fujian,2019-12-18,16
32.55352409960824,2019-12-18,Guangdong,2019-12-18,16
2.7127936749673527,2019-12-18,Henan,2019-12-18,16
2.7127936749673527,2019-12-18,Hunan,2019-12-18,16
0,2019-12-18,Jiangsu,2019-12-18,16
5.425587349934705,2019-12-18,Jiangxi,2019-12-18,16
0,2019-12-18,Shaanxi,2019-12-18,16
24.41514307470618,2019-12-18,Shanghai,2019-12-18,16
5.425587349934705,2019-12-18,Sichuan,2019-12-18,16
5.425587349934705,2019-12-18,Tianjin,2019-12-18,16
13.563968374836765,2019-12-18,Zhejiang,2019-12-18,16
0,2019-12-19,Anhui,2019-12-19,17
23.629407263788927,2019-12-19,Beijing,2019-12-19,17
14.76837953986808,2019-12-19,Chongqing,2019-12-19,17
0,2019-12-19,Fujian,2019-12-19,17
35.44411089568339,2019-12-19,Guangdong,2019-12-19,17
2.953675907973616,2019-12-19,Henan,2019-12-19,17
2.953675907973616,2019-12-19,Hunan,2019-12-19,17
0,2019-12-19,Jiangsu,2019-12-19,17
5.907351815947232,2019-12-19,Jiangxi,2019-12-19,17
0,2019-12-19,Shaanxi,2019-12-19,17
26.583083171762546,2019-12-19,Shanghai,2019-12-19,17
5.907351815947232,2019-12-19,Sichuan,2019-12-19,17
5.907351815947232,2019-12-19,Tianjin,2019-12-19,17
14.76837953986808,2019-12-19,Zhejiang,2019-12-19,17
0,2019-12-20,Anhui,2019-12-20,18
25.727578031008967,2019-12-20,Beijing,2019-12-20,18
16.079736269380607,2019-12-20,Chongqing,2019-12-20,18
0,2019-12-20,Fujian,2019-12-20,18
38.591367046513454,2019-12-20,Guangdong,2019-12-20,18
3.215947253876121,2019-12-20,Henan,2019-12-20,18
3.215947253876121,2019-12-20,Hunan,2019-12-20,18
0,2019-12-20,Jiangsu,2019-12-20,18
6.431894507752242,2019-12-20,Jiangxi,2019-12-20,18
0,2019-12-20,Shaanxi,2019-12-20,18
28.943525284885094,2019-12-20,Shanghai,2019-12-20,18
6.431894507752242,2019-12-20,Sichuan,2019-12-20,18
6.431894507752242,2019-12-20,Tianjin,2019-12-20,18
16.079736269380607,2019-12-20,Zhejiang,2019-12-20,18
0,2019-12-21,Anhui,2019-12-21,19
28.012055653888595,2019-12-21,Beijing,2019-12-21,19
17.507534783680374,2019-12-21,Chongqing,2019-12-21,19
0,2019-12-21,Fujian,2019-12-21,19
42.01808348083289,2019-12-21,Guangdong,2019-12-21,19
3.5015069567360744,2019-12-21,Henan,2019-12-21,19
3.5015069567360744,2019-12-21,Hunan,2019-12-21,19
0,2019-12-21,Jiangsu,2019-12-21,19
7.003013913472149,2019-12-21,Jiangxi,2019-12-21,19
0,2019-12-21,Shaanxi,2019-12-21,19
31.51356261062467,2019-12-21,Shanghai,2019-12-21,19
7.003013913472149,2019-12-21,Sichuan,2019-12-21,19
7.003013913472149,2019-12-21,Tianjin,2019-12-21,19
17.507534783680374,2019-12-21,Zhejiang,2019-12-21,19
0,2019-12-22,Anhui,2019-12-22,20
30.499383230352954,2019-12-22,Beijing,2019-12-22,20
19.0621145189706,2019-12-22,Chongqing,2019-12-22,20
0,2019-12-22,Fujian,2019-12-22,20
45.749074845529435,2019-12-22,Guangdong,2019-12-22,20
3.8124229037941193,2019-12-22,Henan,2019-12-22,20
3.8124229037941193,2019-12-22,Hunan,2019-12-22,20
0,2019-12-22,Jiangsu,2019-12-22,20
7.624845807588239,2019-12-22,Jiangxi,2019-12-22,20
0,2019-12-22,Shaanxi,2019-12-22,20
34.311806134147076,2019-12-22,Shanghai,2019-12-22,20
7.624845807588239,2019-12-22,Sichuan,2019-12-22,20
7.624845807588239,2019-12-22,Tianjin,2019-12-22,20
19.0621145189706,2019-12-22,Zhejiang,2019-12-22,20
0,2019-12-23,Anhui,2019-12-23,21
33.20757280099167,2019-12-23,Beijing,2019-12-23,21
20.754733000619797,2019-12-23,Chongqing,2019-12-23,21
0,2019-12-23,Fujian,2019-12-23,21
49.811359201487505,2019-12-23,Guangdong,2019-12-23,21
4.150946600123959,2019-12-23,Henan,2019-12-23,21
4.150946600123959,2019-12-23,Hunan,2019-12-23,21
0,2019-12-23,Jiangsu,2019-12-23,21
8.301893200247918,2019-12-23,Jiangxi,2019-12-23,21
0,2019-12-23,Shaanxi,2019-12-23,21
37.358519401115636,2019-12-23,Shanghai,2019-12-23,21
8.301893200247918,2019-12-23,Sichuan,2019-12-23,21
8.301893200247918,2019-12-23,Tianjin,2019-12-23,21
20.754733000619797,2019-12-23,Zhejiang,2019-12-23,21
0,2019-12-24,Anhui,2019-12-24,22
36.156235783670276,2019-12-24,Beijing,2019-12-24,22
22.597647364793925,2019-12-24,Chongqing,2019-12-24,22
0,2019-12-24,Fujian,2019-12-24,22
54.23435367550542,2019-12-24,Guangdong,2019-12-24,22
4.5195294729587845,2019-12-24,Henan,2019-12-24,22
4.5195294729587845,2019-12-24,Hunan,2019-12-24,22
0,2019-12-24,Jiangsu,2019-12-24,22
9.039058945917569,2019-12-24,Jiangxi,2019-12-24,22
0,2019-12-24,Shaanxi,2019-12-24,22
40.67576525662907,2019-12-24,Shanghai,2019-12-24,22
9.039058945917569,2019-12-24,Sichuan,2019-12-24,22
9.039058945917569,2019-12-24,Tianjin,2019-12-24,22
22.597647364793925,2019-12-24,Zhejiang,2019-12-24,22
0,2019-12-25,Anhui,2019-12-25,23
39.366724990069784,2019-12-25,Beijing,2019-12-25,23
24.604203118793617,2019-12-25,Chongqing,2019-12-25,23
0,2019-12-25,Fujian,2019-12-25,23
59.050087485104676,2019-12-25,Guangdong,2019-12-25,23
4.920840623758723,2019-12-25,Henan,2019-12-25,23
4.920840623758723,2019-12-25,Hunan,2019-12-25,23
0,2019-12-25,Jiangsu,2019-12-25,23
9.841681247517446,2019-12-25,Jiangxi,2019-12-25,23
0,2019-12-25,Shaanxi,2019-12-25,23
44.28756561382851,2019-12-25,Shanghai,2019-12-25,23
9.841681247517446,2019-12-25,Sichuan,2019-12-25,23
9.841681247517446,2019-12-25,Tianjin,2019-12-25,23
24.604203118793617,2019-12-25,Zhejiang,2019-12-25,23
0,2019-12-26,Anhui,2019-12-26,24
42.8622892525696,2019-12-26,Beijing,2019-12-26,24
26.788930782856006,2019-12-26,Chongqing,2019-12-26,24
0,2019-12-26,Fujian,2019-12-26,24
64.29343387885442,2019-12-26,Guangdong,2019-12-26,24
5.3577861565712,2019-12-26,Henan,2019-12-26,24
5.3577861565712,2019-12-26,Hunan,2019-12-26,24
0,2019-12-26,Jiangsu,2019-12-26,24
10.7155723131424,2019-12-26,Jiangxi,2019-12-26,24
0,2019-12-26,Shaanxi,2019-12-26,24
48.22007540914081,2019-12-26,Shanghai,2019-12-26,24
10.7155723131424,2019-12-26,Sichuan,2019-12-26,24
10.7155723131424,2019-12-26,Tianjin,2019-12-26,24
26.788930782856006,2019-12-26,Zhejiang,2019-12-26,24
0,2019-12-27,Anhui,2019-12-27,25
46.66824178120916,2019-12-27,Beijing,2019-12-27,25
29.16765111325573,2019-12-27,Chongqing,2019-12-27,25
0,2019-12-27,Fujian,2019-12-27,25
70.00236267181374,2019-12-27,Guangdong,2019-12-27,25
5.833530222651145,2019-12-27,Henan,2019-12-27,25
5.833530222651145,2019-12-27,Hunan,2019-12-27,25
0,2019-12-27,Jiangsu,2019-12-27,25
11.66706044530229,2019-12-27,Jiangxi,2019-12-27,25
0,2019-12-27,Shaanxi,2019-12-27,25
52.50177200386032,2019-12-27,Shanghai,2019-12-27,25
11.66706044530229,2019-12-27,Sichuan,2019-12-27,25
11.66706044530229,2019-12-27,Tianjin,2019-12-27,25
29.16765111325573,2019-12-27,Zhejiang,2019-12-27,25
0,2019-12-28,Anhui,2019-12-28,26
50.81214346988776,2019-12-28,Beijing,2019-12-28,26
31.75758966867985,2019-12-28,Chongqing,2019-12-28,26
0,2019-12-28,Fujian,2019-12-28,26
76.21821520483164,2019-12-28,Guangdong,2019-12-28,26
6.35151793373597,2019-12-28,Henan,2019-12-28,26
6.35151793373597,2019-12-28,Hunan,2019-12-28,26
0,2019-12-28,Jiangsu,2019-12-28,26
12.70303586747194,2019-12-28,Jiangxi,2019-12-28,26
0,2019-12-28,Shaanxi,2019-12-28,26
57.163661403623735,2019-12-28,Shanghai,2019-12-28,26
12.70303586747194,2019-12-28,Sichuan,2019-12-28,26
12.70303586747194,2019-12-28,Tianjin,2019-12-28,26
31.75758966867985,2019-12-28,Zhejiang,2019-12-28,26
0,2019-12-29,Anhui,2019-12-29,27
55.32400247922006,2019-12-29,Beijing,2019-12-29,27
34.57750154951254,2019-12-29,Chongqing,2019-12-29,27
0,2019-12-29,Fujian,2019-12-29,27
82.98600371883009,2019-12-29,Guangdong,2019-12-29,27
6.915500309902508,2019-12-29,Henan,2019-12-29,27
6.915500309902508,2019-12-29,Hunan,2019-12-29,27
0,2019-12-29,Jiangsu,2019-12-29,27
13.831000619805016,2019-12-29,Jiangxi,2019-12-29,27
0,2019-12-29,Shaanxi,2019-12-29,27
62.239502789122575,2019-12-29,Shanghai,2019-12-29,27
13.831000619805016,2019-12-29,Sichuan,2019-12-29,27
13.831000619805016,2019-12-29,Tianjin,2019-12-29,27
34.57750154951254,2019-12-29,Zhejiang,2019-12-29,27
0,2019-12-30,Anhui,2019-12-30,28
60.236491541330196,2019-12-30,Beijing,2019-12-30,28
37.647807213331376,2019-12-30,Chongqing,2019-12-30,28
0,2019-12-30,Fujian,2019-12-30,28
90.3547373119953,2019-12-30,Guangdong,2019-12-30,28
7.5295614426662745,2019-12-30,Henan,2019-12-30,28
7.5295614426662745,2019-12-30,Hunan,2019-12-30,28
0,2019-12-30,Jiangsu,2019-12-30,28
15.059122885332549,2019-12-30,Jiangxi,2019-12-30,28
0,2019-12-30,Shaanxi,2019-12-30,28
67.76605298399647,2019-12-30,Shanghai,2019-12-30,28
15.059122885332549,2019-12-30,Sichuan,2019-12-30,28
15.059122885332549,2019-12-30,Tianjin,2019-12-30,28
37.647807213331376,2019-12-30,Zhejiang,2019-12-30,28
0,2019-12-31,Anhui,2019-12-31,29
65.58518456020238,2019-12-31,Beijing,2019-12-31,29
40.99074035012649,2019-12-31,Chongqing,2019-12-31,29
0,2019-12-31,Fujian,2019-12-31,29
98.37777684030357,2019-12-31,Guangdong,2019-12-31,29
8.198148070025297,2019-12-31,Henan,2019-12-31,29
8.198148070025297,2019-12-31,Hunan,2019-12-31,29
0,2019-12-31,Jiangsu,2019-12-31,29
16.396296140050595,2019-12-31,Jiangxi,2019-12-31,29
0,2019-12-31,Shaanxi,2019-12-31,29
73.78333263022768,2019-12-31,Shanghai,2019-12-31,29
16.396296140050595,2019-12-31,Sichuan,2019-12-31,29
16.396296140050595,2019-12-31,Tianjin,2019-12-31,29
40.99074035012649,2019-12-31,Zhejiang,2019-12-31,29
0,2020-01-01,Anhui,2020-01-01,30
71.40881422093567,2020-01-01,Beijing,2020-01-01,30
44.6305088880848,2020-01-01,Chongqing,2020-01-01,30
0,2020-01-01,Fujian,2020-01-01,30
107.11322133140351,2020-01-01,Guangdong,2020-01-01,30
8.926101777616958,2020-01-01,Henan,2020-01-01,30
8.926101777616958,2020-01-01,Hunan,2020-01-01,30
0,2020-01-01,Jiangsu,2020-01-01,30
17.852203555233917,2020-01-01,Jiangxi,2020-01-01,30
0,2020-01-01,Shaanxi,2020-01-01,30
80.33491599855263,2020-01-01,Shanghai,2020-01-01,30
17.852203555233917,2020-01-01,Sichuan,2020-01-01,30
17.852203555233917,2020-01-01,Tianjin,2020-01-01,30
44.6305088880848,2020-01-01,Zhejiang,2020-01-01,30
0,2020-01-02,Anhui,2020-01-02,31
77.7495524733851,2020-01-02,Beijing,2020-01-02,31
48.593470295865686,2020-01-02,Chongqing,2020-01-02,31
0,2020-01-02,Fujian,2020-01-02,31
116.62432871007763,2020-01-02,Guangdong,2020-01-02,31
9.718694059173137,2020-01-02,Henan,2020-01-02,31
9.718694059173137,2020-01-02,Hunan,2020-01-02,31
0,2020-01-02,Jiangsu,2020-01-02,31
19.437388118346274,2020-01-02,Jiangxi,2020-01-02,31
0,2020-01-02,Shaanxi,2020-01-02,31
87.46824653255824,2020-01-02,Shanghai,2020-01-02,31
19.437388118346274,2020-01-02,Sichuan,2020-01-02,31
19.437388118346274,2020-01-02,Tianjin,2020-01-02,31
48.593470295865686,2020-01-02,Zhejiang,2020-01-02,31
0,2020-01-03,Anhui,2020-01-03,32
84.65331592131925,2020-01-03,Beijing,2020-01-03,32
52.908322450824535,2020-01-03,Chongqing,2020-01-03,32
0,2020-01-03,Fujian,2020-01-03,32
126.97997388197888,2020-01-03,Guangdong,2020-01-03,32
10.581664490164906,2020-01-03,Henan,2020-01-03,32
10.581664490164906,2020-01-03,Hunan,2020-01-03,32
0,2020-01-03,Jiangsu,2020-01-03,32
21.163328980329812,2020-01-03,Jiangxi,2020-01-03,32
0,2020-01-03,Shaanxi,2020-01-03,32
95.23498041148417,2020-01-03,Shanghai,2020-01-03,32
21.163328980329812,2020-01-03,Sichuan,2020-01-03,32
21.163328980329812,2020-01-03,Tianjin,2020-01-03,32
52.908322450824535,2020-01-03,Zhejiang,2020-01-03,32
0,2020-01-04,Anhui,2020-01-04,33
92.17009832857609,2020-01-04,Beijing,2020-01-04,33
57.60631145536006,2020-01-04,Chongqing,2020-01-04,33
0,2020-01-04,Fujian,2020-01-04,33
138.25514749286413,2020-01-04,Guangdong,2020-01-04,33
11.521262291072011,2020-01-04,Henan,2020-01-04,33
11.521262291072011,2020-01-04,Hunan,2020-01-04,33
0,2020-01-04,Jiangsu,2020-01-04,33
23.042524582144022,2020-01-04,Jiangxi,2020-01-04,33
0,2020-01-04,Shaanxi,2020-01-04,33
103.69136061964811,2020-01-04,Shanghai,2020-01-04,33
23.042524582144022,2020-01-04,Sichuan,2020-01-04,33
23.042524582144022,2020-01-04,Tianjin,2020-01-04,33
57.60631145536006,2020-01-04,Zhejiang,2020-01-04,33
0,2020-01-05,Anhui,2020-01-05,34
100.35433265006806,2020-01-05,Beijing,2020-01-05,34
62.72145790629255,2020-01-05,Chongqing,2020-01-05,34
0,2020-01-05,Fujian,2020-01-05,34
150.5314989751021,2020-01-05,Guangdong,2020-01-05,34
12.544291581258507,2020-01-05,Henan,2020-01-05,34
12.544291581258507,2020-01-05,Hunan,2020-01-05,34
0,2020-01-05,Jiangsu,2020-01-05,34
25.088583162517015,2020-01-05,Jiangxi,2020-01-05,34
0,2020-01-05,Shaanxi,2020-01-05,34
112.8986242313266,2020-01-05,Shanghai,2020-01-05,34
25.088583162517015,2020-01-05,Sichuan,2020-01-05,34
25.088583162517015,2020-01-05,Tianjin,2020-01-05,34
62.72145790629255,2020-01-05,Zhejiang,2020-01-05,34
0,2020-01-06,Anhui,2020-01-06,35
109.26528520929388,2020-01-06,Beijing,2020-01-06,35
68.29080325580868,2020-01-06,Chongqing,2020-01-06,35
0,2020-01-06,Fujian,2020-01-06,35
163.8979278139408,2020-01-06,Guangdong,2020-01-06,35
13.658160651161735,2020-01-06,Henan,2020-01-06,35
13.658160651161735,2020-01-06,Hunan,2020-01-06,35
0,2020-01-06,Jiangsu,2020-01-06,35
27.31632130232347,2020-01-06,Jiangxi,2020-01-06,35
0,2020-01-06,Shaanxi,2020-01-06,35
122.92344586045563,2020-01-06,Shanghai,2020-01-06,35
27.31632130232347,2020-01-06,Sichuan,2020-01-06,35
27.31632130232347,2020-01-06,Tianjin,2020-01-06,35
68.29080325580868,2020-01-06,Zhejiang,2020-01-06,35
0,2020-01-07,Anhui,2020-01-07,36
118.96748487679996,2020-01-07,Beijing,2020-01-07,36
74.35467804799998,2020-01-07,Chongqing,2020-01-07,36
0,2020-01-07,Fujian,2020-01-07,36
178.45122731519996,2020-01-07,Guangdong,2020-01-07,36
14.870935609599995,2020-01-07,Henan,2020-01-07,36
14.870935609599995,2020-01-07,Hunan,2020-01-07,36
0,2020-01-07,Jiangsu,2020-01-07,36
29.74187121919999,2020-01-07,Jiangxi,2020-01-07,36
0,2020-01-07,Shaanxi,2020-01-07,36
133.83842048639997,2020-01-07,Shanghai,2020-01-07,36
29.74187121919999,2020-01-07,Sichuan,2020-01-07,36
29.74187121919999,2020-01-07,Tianjin,2020-01-07,36
74.35467804799998,2020-01-07,Zhejiang,2020-01-07,36
0,2020-01-08,Anhui,2020-01-08,37
129.5311903575005,2020-01-08,Beijing,2020-01-08,37
80.95699397343782,2020-01-08,Chongqing,2020-01-08,37
0,2020-01-08,Fujian,2020-01-08,37
194.29678553625075,2020-01-08,Guangdong,2020-01-08,37
16.19139879468756,2020-01-08,Henan,2020-01-08,37
16.19139879468756,2020-01-08,Hunan,2020-01-08,37
0,2020-01-08,Jiangsu,2020-01-08,37
32.38279758937512,2020-01-08,Jiangxi,2020-01-08,37
0,2020-01-08,Shaanxi,2020-01-08,37
145.72258915218808,2020-01-08,Shanghai,2020-01-08,37
32.38279758937512,2020-01-08,Sichuan,2020-01-08,37
32.38279758937512,2020-01-08,Tianjin,2020-01-08,37
80.95699397343782,2020-01-08,Zhejiang,2020-01-08,37
0,2020-01-09,Anhui,2020-01-09,38
141.03289897072548,2020-01-09,Beijing,2020-01-09,38
88.14556185670344,2020-01-09,Chongqing,2020-01-09,38
0,2020-01-09,Fujian,2020-01-09,38
211.54934845608824,2020-01-09,Guangdong,2020-01-09,38
17.629112371340685,2020-01-09,Henan,2020-01-09,38
17.629112371340685,2020-01-09,Hunan,2020-01-09,38
0,2020-01-09,Jiangsu,2020-01-09,38
35.25822474268137,2020-01-09,Jiangxi,2020-01-09,38
0,2020-01-09,Shaanxi,2020-01-09,38
158.6620113420662,2020-01-09,Shanghai,2020-01-09,38
35.25822474268137,2020-01-09,Sichuan,2020-01-09,38
35.25822474268137,2020-01-09,Tianjin,2020-01-09,38
88.14556185670344,2020-01-09,Zhejiang,2020-01-09,38
0,2020-01-10,Anhui,2020-01-10,39
153.55590060734048,2020-01-10,Beijing,2020-01-10,39
95.97243787958782,2020-01-10,Chongqing,2020-01-10,39
0,2020-01-10,Fujian,2020-01-10,39
230.33385091101073,2020-01-10,Guangdong,2020-01-10,39
19.19448757591756,2020-01-10,Henan,2020-01-10,39
19.19448757591756,2020-01-10,Hunan,2020-01-10,39
0,2020-01-10,Jiangsu,2020-01-10,39
38.38897515183512,2020-01-10,Jiangxi,2020-01-10,39
0,2020-01-10,Shaanxi,2020-01-10,39
172.75038818325805,2020-01-10,Shanghai,2020-01-10,39
38.38897515183512,2020-01-10,Sichuan,2020-01-10,39
38.38897515183512,2020-01-10,Tianjin,2020-01-10,39
95.97243787958782,2020-01-10,Zhejiang,2020-01-10,39
0,2020-01-11,Anhui,2020-01-11,40
167.19088087543236,2020-01-11,Beijing,2020-01-11,40
104.49430054714524,2020-01-11,Chongqing,2020-01-11,40
0,2020-01-11,Fujian,2020-01-11,40
250.78632131314856,2020-01-11,Guangdong,2020-01-11,40
20.898860109429044,2020-01-11,Henan,2020-01-11,40
20.898860109429044,2020-01-11,Hunan,2020-01-11,40
0,2020-01-11,Jiangsu,2020-01-11,40
41.79772021885809,2020-01-11,Jiangxi,2020-01-11,40
0,2020-01-11,Shaanxi,2020-01-11,40
188.08974098486144,2020-01-11,Shanghai,2020-01-11,40
41.79772021885809,2020-01-11,Sichuan,2020-01-11,40
41.79772021885809,2020-01-11,Tianjin,2020-01-11,40
104.49430054714524,2020-01-11,Zhejiang,2020-01-11,40
0,2020-01-12,Anhui,2020-01-12,41
182.03657780225186,2020-01-12,Beijing,2020-01-12,41
113.77286112640742,2020-01-12,Chongqing,2020-01-12,41
0,2020-01-12,Fujian,2020-01-12,41
273.0548667033778,2020-01-12,Guangdong,2020-01-12,41
22.754572225281482,2020-01-12,Henan,2020-01-12,41
22.754572225281482,2020-01-12,Hunan,2020-01-12,41
0,2020-01-12,Jiangsu,2020-01-12,41
45.509144450562964,2020-01-12,Jiangxi,2020-01-12,41
0,2020-01-12,Shaanxi,2020-01-12,41
204.79115002753335,2020-01-12,Shanghai,2020-01-12,41
45.509144450562964,2020-01-12,Sichuan,2020-01-12,41
45.509144450562964,2020-01-12,Tianjin,2020-01-12,41
113.77286112640742,2020-01-12,Zhejiang,2020-01-12,41
0,2020-01-13,Anhui,2020-01-13,42
198.20049684793906,2020-01-13,Beijing,2020-01-13,42
123.87531052996194,2020-01-13,Chongqing,2020-01-13,42
0,2020-01-13,Fujian,2020-01-13,42
297.3007452719086,2020-01-13,Guangdong,2020-01-13,42
24.775062105992383,2020-01-13,Henan,2020-01-13,42
24.775062105992383,2020-01-13,Hunan,2020-01-13,42
0,2020-01-13,Jiangsu,2020-01-13,42
49.550124211984766,2020-01-13,Jiangxi,2020-01-13,42
0,2020-01-13,Shaanxi,2020-01-13,42
222.97555895393148,2020-01-13,Shanghai,2020-01-13,42
49.550124211984766,2020-01-13,Sichuan,2020-01-13,42
49.550124211984766,2020-01-13,Tianjin,2020-01-13,42
123.87531052996194,2020-01-13,Zhejiang,2020-01-13,42
0,2020-01-14,Anhui,2020-01-14,43
215.79968940881722,2020-01-14,Beijing,2020-01-14,43
134.8748058805108,2020-01-14,Chongqing,2020-01-14,43
0,2020-01-14,Fujian,2020-01-14,43
323.69953411322587,2020-01-14,Guangdong,2020-01-14,43
26.974961176102152,2020-01-14,Henan,2020-01-14,43
26.974961176102152,2020-01-14,Hunan,2020-01-14,43
0,2020-01-14,Jiangsu,2020-01-14,43
53.949922352204304,2020-01-14,Jiangxi,2020-01-14,43
0,2020-01-14,Shaanxi,2020-01-14,43
242.7746505849194,2020-01-14,Shanghai,2020-01-14,43
53.949922352204304,2020-01-14,Sichuan,2020-01-14,43
53.949922352204304,2020-01-14,Tianjin,2020-01-14,43
134.8748058805108,2020-01-14,Zhejiang,2020-01-14,43
116.9301089728532,2020-01-15,Anhui,2020-01-15,44
77.95340598190214,2020-01-15,Beijing,2020-01-15,44
155.90681196380427,2020-01-15,Chongqing,2020-01-15,44
29.982079223808512,2020-01-15,Fujian,2020-01-15,44
155.90681196380427,2020-01-15,Guangdong,2020-01-15,44
92.94444559380639,2020-01-15,Henan,2020-01-15,44
68.95878221475958,2020-01-15,Hunan,2020-01-15,44
41.97491091333192,2020-01-15,Jiangsu,2020-01-15,44
47.97132675809362,2020-01-15,Jiangxi,2020-01-15,44
14.991039611904256,2020-01-15,Shaanxi,2020-01-15,44
71.95699013714044,2020-01-15,Shanghai,2020-01-15,44
77.95340598190214,2020-01-15,Sichuan,2020-01-15,44
17.98924753428511,2020-01-15,Tianjin,2020-01-15,44
131.92114858475745,2020-01-15,Zhejiang,2020-01-15,44
127.312905871473,2020-01-16,Anhui,2020-01-16,45
84.875270580982,2020-01-16,Beijing,2020-01-16,45
169.750541161964,2020-01-16,Chongqing,2020-01-16,45
32.64433483883923,2020-01-16,Fujian,2020-01-16,45
169.750541161964,2020-01-16,Guangdong,2020-01-16,45
101.19743800040163,2020-01-16,Henan,2020-01-16,45
75.08197012933024,2020-01-16,Hunan,2020-01-16,45
45.70206877437493,2020-01-16,Jiangsu,2020-01-16,45
52.23093574214277,2020-01-16,Jiangxi,2020-01-16,45
16.322167419419614,2020-01-16,Shaanxi,2020-01-16,45
78.34640361321416,2020-01-16,Shanghai,2020-01-16,45
84.875270580982,2020-01-16,Sichuan,2020-01-16,45
19.58660090330354,2020-01-16,Tianjin,2020-01-16,45
143.63507329089262,2020-01-16,Zhejiang,2020-01-16,45
138.61764214383462,2020-01-17,Anhui,2020-01-17,46
92.41176142922308,2020-01-17,Beijing,2020-01-17,46
184.82352285844615,2020-01-17,Chongqing,2020-01-17,46
35.542985165085796,2020-01-17,Fujian,2020-01-17,46
184.82352285844615,2020-01-17,Guangdong,2020-01-17,46
110.18325401176598,2020-01-17,Henan,2020-01-17,46
81.74886587969733,2020-01-17,Hunan,2020-01-17,46
49.76017923112011,2020-01-17,Jiangsu,2020-01-17,46
56.868776264137274,2020-01-17,Jiangxi,2020-01-17,46
17.771492582542898,2020-01-17,Shaanxi,2020-01-17,46
85.30316439620591,2020-01-17,Shanghai,2020-01-17,46
92.41176142922308,2020-01-17,Sichuan,2020-01-17,46
21.32579109905148,2020-01-17,Tianjin,2020-01-17,46
156.38913472637748,2020-01-17,Zhejiang,2020-01-17,46
112.85133821018361,2020-01-18,Anhui,2020-01-18,47
59.921064536380676,2020-01-18,Beijing,2020-01-18,47
89.88159680457102,2020-01-18,Chongqing,2020-01-18,47
71.90527744365681,2020-01-18,Fujian,2020-01-18,47
162.7855586571675,2020-01-18,Guangdong,2020-01-18,47
173.77108715550398,2020-01-18,Henan,2020-01-18,47
196.74082856111656,2020-01-18,Hunan,2020-01-18,47
84.88817475987263,2020-01-18,Jiangsu,2020-01-18,47
90.8802812135107,2020-01-18,Jiangxi,2020-01-18,47
40.9460607665268,2020-01-18,Shaanxi,2020-01-18,47
46.938167220164864,2020-01-18,Shanghai,2020-01-18,47
79.89475271517425,2020-01-18,Sichuan,2020-01-18,47
16.977634951974526,2020-01-18,Tianjin,2020-01-18,47
233.69215169188465,2020-01-18,Zhejiang,2020-01-18,47
122.8719610819695,2020-01-19,Anhui,2020-01-19,48
65.24174924706345,2020-01-19,Beijing,2020-01-19,48
97.86262387059519,2020-01-19,Chongqing,2020-01-19,48
78.29009909647615,2020-01-19,Fujian,2020-01-19,48
177.2400854545224,2020-01-19,Guangdong,2020-01-19,48
189.20107281648401,2020-01-19,Henan,2020-01-19,48
214.21041002785833,2020-01-19,Hunan,2020-01-19,48
92.4258114333399,2020-01-19,Jiangsu,2020-01-19,48
98.94998635804625,2020-01-19,Jiangxi,2020-01-19,48
44.58186198549336,2020-01-19,Shaanxi,2020-01-19,48
51.106036910199705,2020-01-19,Shanghai,2020-01-19,48
86.98899899608462,2020-01-19,Sichuan,2020-01-19,48
18.48516228666798,2020-01-19,Tianjin,2020-01-19,48
254.44282206354745,2020-01-19,Zhejiang,2020-01-19,48
133.782364122348,2020-01-20,Anhui,2020-01-20,49
71.03488360478656,2020-01-20,Beijing,2020-01-20,49
106.55232540717984,2020-01-20,Chongqing,2020-01-20,49
85.24186032574387,2020-01-20,Fujian,2020-01-20,49
192.97810045967015,2020-01-20,Guangdong,2020-01-20,49
206.00116245388102,2020-01-20,Henan,2020-01-20,49
233.2312011690492,2020-01-20,Hunan,2020-01-20,49
100.63275177344762,2020-01-20,Jiangsu,2020-01-20,49
107.73624013392629,2020-01-20,Jiangxi,2020-01-20,49
48.54050379660415,2020-01-20,Shaanxi,2020-01-20,49
55.643992157082806,2020-01-20,Shanghai,2020-01-20,49
94.71317813971542,2020-01-20,Sichuan,2020-01-20,49
20.126550354689524,2020-01-20,Tianjin,2020-01-20,49
277.0360460586676,2020-01-20,Zhejiang,2020-01-20,49
145.66155526910424,2020-01-21,Anhui,2020-01-21,50
77.342418726958,2020-01-21,Beijing,2020-01-21,50
116.01362809043701,2020-01-21,Chongqing,2020-01-21,50
92.81090247234961,2020-01-21,Fujian,2020-01-21,50
210.11357087490256,2020-01-21,Guangdong,2020-01-21,50
224.29301430817821,2020-01-21,Henan,2020-01-21,50
253.94094148684545,2020-01-21,Hunan,2020-01-21,50
109.56842652985718,2020-01-21,Jiangsu,2020-01-21,50
117.30266840255298,2020-01-21,Jiangxi,2020-01-21,50
52.85065279675463,2020-01-21,Shaanxi,2020-01-21,50
60.584894669450435,2020-01-21,Shanghai,2020-01-21,50
103.12322496927735,2020-01-21,Sichuan,2020-01-21,50
21.913685305971434,2020-01-21,Tianjin,2020-01-21,50
301.6354330351362,2020-01-21,Zhejiang,2020-01-21,50
206.0205944013812,2020-01-22,Anhui,2020-01-22,51
75.25752295487347,2020-01-22,Beijing,2020-01-22,51
105.26052213954064,2020-01-22,Chongqing,2020-01-22,51
53.005298559578655,2020-01-22,Fujian,2020-01-22,51
273.2773175736768,2020-01-22,Guangdong,2020-01-22,51
271.7771676144434,2020-01-22,Henan,2020-01-22,51
194.76946970713104,2020-01-22,Hunan,2020-01-22,51
132.2632214057411,2020-01-22,Jiangsu,2020-01-22,51
205.02049442855895,2020-01-22,Jiangxi,2020-01-22,51
49.25492366149526,2020-01-22,Shaanxi,2020-01-22,51
65.00649823344553,2020-01-22,Shanghai,2020-01-22,51
103.76037218030727,2020-01-22,Sichuan,2020-01-22,51
25.002499320555973,2020-01-22,Tianjin,2020-01-22,51
231.5231437083483,2020-01-22,Zhejiang,2020-01-22,51
224.31417171344123,2020-01-23,Anhui,2020-01-23,52
81.94000690017694,2020-01-23,Beijing,2020-01-23,52
114.60711928562957,2020-01-23,Chongqing,2020-01-23,52
57.711898547632934,2020-01-23,Fujian,2020-01-23,52
297.54294864416414,2020-01-23,Guangdong,2020-01-23,52
295.90959302489154,2020-01-23,Henan,2020-01-23,52
212.0640045688965,2020-01-23,Hunan,2020-01-23,52
144.0075204325369,2020-01-23,Jiangsu,2020-01-23,52
223.22526796725947,2020-01-23,Jiangxi,2020-01-23,52
53.628509499451354,2020-01-23,Shaanxi,2020-01-23,52
70.77874350181398,2020-01-23,Shanghai,2020-01-23,52
112.97376366635692,2020-01-23,Sichuan,2020-01-23,52
27.22259365454384,2020-01-23,Tianjin,2020-01-23,52
252.08121724107593,2020-01-23,Zhejiang,2020-01-23,52
235.7774374852992,2020-01-24,Anhui,2020-01-24,53
86.12743772217846,2020-01-24,Beijing,2020-01-24,53
120.46395774430941,2020-01-24,Chongqing,2020-01-24,53
60.66118537243133,2020-01-24,Fujian,2020-01-24,53
312.74846986824275,2020-01-24,Guangdong,2020-01-24,53
311.03164386713615,2020-01-24,Henan,2020-01-24,53
222.9012424770001,2020-01-24,Hunan,2020-01-24,53
151.36682576422726,2020-01-24,Jiangsu,2020-01-24,53
234.63288681789481,2020-01-24,Jiangxi,2020-01-24,53
56.36912036966497,2020-01-24,Shaanxi,2020-01-24,53
74.39579338128372,2020-01-24,Shanghai,2020-01-24,53
118.74713174320286,2020-01-24,Sichuan,2020-01-24,53
28.613766685109127,2020-01-24,Tianjin,2020-01-24,53
264.96347950411047,2020-01-24,Zhejiang,2020-01-24,53
225.66070885604302,2020-01-25,Anhui,2020-01-25,54
82.43188515251084,2020-01-25,Beijing,2020-01-25,54
115.29509518008993,2020-01-25,Chongqing,2020-01-25,54
58.0583377153897,2020-01-25,Fujian,2020-01-25,54
299.3290713345328,2020-01-25,Guangdong,2020-01-25,54
297.6859108331538,2020-01-25,Henan,2020-01-25,54
213.33700509570085,2020-01-25,Hunan,2020-01-25,54
144.8719842049111,2020-01-25,Jiangsu,2020-01-25,54
224.56526852179036,2020-01-25,Jiangxi,2020-01-25,54
53.95043646194232,2020-01-25,Shaanxi,2020-01-25,54
71.20362172642133,2020-01-25,Shanghai,2020-01-25,54
113.65193467871096,2020-01-25,Sichuan,2020-01-25,54
27.386008356315898,2020-01-25,Tianjin,2020-01-25,54
253.5944373794852,2020-01-25,Zhejiang,2020-01-25,54
198.22107677194063,2020-01-26,Anhui,2020-01-26,55
72.40842731596373,2020-01-26,Beijing,2020-01-26,55
101.27557441867354,2020-01-26,Chongqing,2020-01-26,55
50.99862654812064,2020-01-26,Fujian,2020-01-26,55
262.9315981938484,2020-01-26,Guangdong,2020-01-26,55
261.48824083871295,2020-01-26,Henan,2020-01-26,55
187.39589660842447,2020-01-26,Hunan,2020-01-26,55
127.25600681111236,2020-01-26,Jiangsu,2020-01-26,55
197.25883853518363,2020-01-26,Jiangxi,2020-01-26,55
47.390233160281916,2020-01-26,Shaanxi,2020-01-26,55
62.545485389204565,2020-01-26,Shanghai,2020-01-26,55
99.83221706353805,2020-01-26,Sichuan,2020-01-26,55
24.055955918924834,2020-01-26,Tianjin,2020-01-26,55
222.75815180924394,2020-01-26,Zhejiang,2020-01-26,55
164.9626825725242,2020-01-27,Anhui,2020-01-27,56
60.25942652224487,2020-01-27,Beijing,2020-01-27,56
84.28311815902025,2020-01-27,Chongqing,2020-01-27,56
42.44185522496981,2020-01-27,Fujian,2020-01-27,56
218.8157913249623,2020-01-27,Guangdong,2020-01-27,56
217.61460674312352,2020-01-27,Henan,2020-01-27,56
155.95379820873342,2020-01-27,Hunan,2020-01-27,56
105.90444063211807,2020-01-27,Jiangsu,2020-01-27,56
164.16189285129832,2020-01-27,Jiangxi,2020-01-27,56
39.43889377037289,2020-01-27,Shaanxi,2020-01-27,56
52.051331879679964,2020-01-27,Shanghai,2020-01-27,56
83.08193357718147,2020-01-27,Sichuan,2020-01-27,56
20.01974303064614,2020-01-27,Tianjin,2020-01-27,56
185.38282046378325,2020-01-27,Zhejiang,2020-01-27,56
133.50632637584505,2020-01-28,Anhui,2020-01-28,57
48.768694464962806,2020-01-28,Beijing,2020-01-28,57
68.21136335464898,2020-01-28,Chongqing,2020-01-28,57
34.34871503844556,2020-01-28,Fujian,2020-01-28,57
177.09030913689153,2020-01-28,Guangdong,2020-01-28,57
176.11817569240722,2020-01-28,Henan,2020-01-28,57
126.21532554221272,2020-01-28,Hunan,2020-01-28,57
85.70976535536653,2020-01-28,Jiangsu,2020-01-28,57
132.8582374128555,2020-01-28,Jiangxi,2020-01-28,57
31.91838142723479,2020-01-28,Shaanxi,2020-01-28,57
42.125782594320036,2020-01-28,Shanghai,2020-01-28,57
67.23922991016467,2020-01-28,Sichuan,2020-01-28,57
16.202224074738474,2020-01-28,Tianjin,2020-01-28,57
150.03259493207827,2020-01-28,Zhejiang,2020-01-28,57
106.80486143350095,2020-01-29,Anhui,2020-01-29,58
39.01488263529585,2020-01-29,Beijing,2020-01-29,58
54.56898866930084,2020-01-29,Chongqing,2020-01-29,58
27.47892066007548,2020-01-29,Fujian,2020-01-29,58
141.6719824597288,2020-01-29,Guangdong,2020-01-29,58
140.89427715802856,2020-01-29,Henan,2020-01-29,58
100.97207167074907,2020-01-29,Hunan,2020-01-29,58
68.56768409990534,2020-01-29,Jiangsu,2020-01-29,58
106.28639123236744,2020-01-29,Jiangxi,2020-01-29,58
25.53465740582486,2020-01-29,Shaanxi,2020-01-29,58
33.70056307367748,2020-01-29,Shanghai,2020-01-29,58
53.79128336760059,2020-01-29,Sichuan,2020-01-29,58
12.961755028337494,2020-01-29,Tianjin,2020-01-29,58
120.02585156240518,2020-01-29,Zhejiang,2020-01-29,58
85.22787885566213,2020-01-30,Anhui,2020-01-30,59
31.132999436352303,2020-01-30,Beijing,2020-01-30,59
43.54482645416718,2020-01-30,Chongqing,2020-01-30,59
21.927561064806273,2020-01-30,Fujian,2020-01-30,59
113.05105775393046,2020-01-30,Guangdong,2020-01-30,59
112.43046640303972,2020-01-30,Henan,2020-01-30,59
80.57344372398155,2020-01-30,Hunan,2020-01-30,59
54.71547077020056,2020-01-30,Jiangsu,2020-01-30,59
84.81415128840163,2020-01-30,Jiangxi,2020-01-30,59
20.376082687579416,2020-01-30,Shaanxi,2020-01-30,59
26.892291871932226,2020-01-30,Shanghai,2020-01-30,59
42.92423510327643,2020-01-30,Sichuan,2020-01-30,59
10.343189181512395,2020-01-30,Tianjin,2020-01-30,59
95.77793182080477,2020-01-30,Zhejiang,2020-01-30,59
68.14783288774677,2020-01-31,Anhui,2020-01-31,60
24.893807887392935,2020-01-31,Beijing,2020-01-31,60
34.81824957007451,2020-01-31,Chongqing,2020-01-31,60
17.53318030607077,2020-01-31,Fujian,2020-01-31,60
90.39512299309129,2020-01-31,Guangdong,2020-01-31,60
89.89890090895722,2020-01-31,Henan,2020-01-31,60
64.4261672567412,2020-01-31,Hunan,2020-01-31,60
43.75024708448792,2020-01-31,Jiangsu,2020-01-31,60
67.81701816499071,2020-01-31,Jiangxi,2020-01-31,60
16.292625095735573,2020-01-31,Shaanxi,2020-01-31,60
21.5029569791434,2020-01-31,Shanghai,2020-01-31,60
34.322027485940424,2020-01-31,Sichuan,2020-01-31,60
8.270368068901307,2020-01-31,Tianjin,2020-01-31,60
76.58360831802611,2020-01-31,Zhejiang,2020-01-31,60
54.71092136610154,2020-02-01,Anhui,2020-02-01,61
19.98542151844243,2020-02-01,Beijing,2020-02-01,61
27.953031426127122,2020-02-01,Chongqing,2020-02-01,61
14.076110836909617,2020-02-01,Fujian,2020-02-01,61
72.57164690916139,2020-02-01,Guangdong,2020-02-01,61
72.17326641377716,2020-02-01,Henan,2020-02-01,61
51.723067650719784,2020-02-01,Hunan,2020-02-01,61
35.12388034304334,2020-02-01,Jiangsu,2020-02-01,61
54.44533436917871,2020-02-01,Jiangxi,2020-02-01,61
13.080159598449033,2020-02-01,Shaanxi,2020-02-01,61
17.263154799983496,2020-02-01,Shanghai,2020-02-01,61
27.554650930742884,2020-02-01,Sichuan,2020-02-01,61
6.639674923070575,2020-02-01,Tianjin,2020-02-01,61
61.48338978763352,2020-02-01,Zhejiang,2020-02-01,61
44.12914427725634,2020-02-02,Anhui,2020-02-02,62
16.11999081001718,2020-02-02,Beijing,2020-02-02,62
22.546565219326357,2020-02-02,Chongqing,2020-02-02,62
11.353614789779542,2020-02-02,Fujian,2020-02-02,62
58.53538191145774,2020-02-02,Guangdong,2020-02-02,62
58.214053190992274,2020-02-02,Henan,2020-02-02,62
41.719178873765394,2020-02-02,Hunan,2020-02-02,62
28.330482187704614,2020-02-02,Jiangsu,2020-02-02,62
43.914925130279364,2020-02-02,Jiangxi,2020-02-02,62
10.550292988615896,2020-02-02,Shaanxi,2020-02-02,62
13.924244553503213,2020-02-02,Shanghai,2020-02-02,62
22.225236498860895,2020-02-02,Sichuan,2020-02-02,62
5.355478674424313,2020-02-02,Tianjin,2020-02-02,62
49.591732525169135,2020-02-02,Zhejiang,2020-02-02,62
35.75884493911628,2020-02-03,Anhui,2020-02-03,63
13.062393600332523,2020-02-03,Beijing,2020-02-03,63
18.26999237787373,2020-02-03,Chongqing,2020-02-03,63
9.200091173656128,2020-02-03,Fujian,2020-02-03,63
47.432545532104484,2020-02-03,Guangdong,2020-02-03,63
47.17216559322742,2020-02-03,Henan,2020-02-03,63
33.805995397538325,2020-02-03,Hunan,2020-02-03,63
22.956831277660815,2020-02-03,Jiangsu,2020-02-03,63
35.58525831319824,2020-02-03,Jiangxi,2020-02-03,63
8.549141326463479,2020-02-03,Shaanxi,2020-02-03,63
11.283130684672612,2020-02-03,Shanghai,2020-02-03,63
18.00961243899667,2020-02-03,Sichuan,2020-02-03,63
4.339665647951005,2020-02-03,Tianjin,2020-02-03,63
40.185303900026305,2020-02-03,Zhejiang,2020-02-03,63
29.09952615063369,2020-02-04,Anhui,2020-02-04,64
10.629802635122257,2020-02-04,Beijing,2020-02-04,64
14.867597705602892,2020-02-04,Chongqing,2020-02-04,64
7.486771291182452,2020-02-04,Fujian,2020-02-04,64
38.59925010029444,2020-02-04,Guangdong,2020-02-04,64
38.387360346770414,2020-02-04,Henan,2020-02-04,64
27.51035299920345,2020-02-04,Hunan,2020-02-04,64
18.681613269035463,2020-02-04,Jiangsu,2020-02-04,64
28.958266314951,2020-02-04,Jiangxi,2020-02-04,64
6.957046907372374,2020-02-04,Shaanxi,2020-02-04,64
9.181889319374708,2020-02-04,Shanghai,2020-02-04,64
14.655707952078858,2020-02-04,Sichuan,2020-02-04,64
3.5314958920671953,2020-02-04,Tianjin,2020-02-04,64
32.70165196054223,2020-02-04,Zhejiang,2020-02-04,64
23.769405929852354,2020-02-05,Anhui,2020-02-05,65
8.682756292336842,2020-02-05,Beijing,2020-02-05,65
12.14432026270369,2020-02-05,Chongqing,2020-02-05,65
6.11542968098143,2020-02-05,Fujian,2020-02-05,65
31.52907849675804,2020-02-05,Guangdong,2020-02-05,65
31.356000298239696,2020-02-05,Henan,2020-02-05,65
22.471319440964788,2020-02-05,Hunan,2020-02-05,65
15.259727836033854,2020-02-05,Jiangsu,2020-02-05,65
23.654020464173456,2020-02-05,Jiangxi,2020-02-05,65
5.682734184685574,2020-02-05,Shaanxi,2020-02-05,65
7.50005526912817,2020-02-05,Shanghai,2020-02-05,65
11.971242064185347,2020-02-05,Sichuan,2020-02-05,65
2.884636641972373,2020-02-05,Tianjin,2020-02-05,65
26.711735304664174,2020-02-05,Zhejiang,2020-02-05,65
19.478623850066658,2020-02-06,Anhui,2020-02-06,66
7.115371090861727,2020-02-06,Beijing,2020-02-06,66
9.952063884560754,2020-02-06,Chongqing,2020-02-06,66
5.011490602201615,2020-02-06,Fujian,2020-02-06,66
25.837543529275308,2020-02-06,Guangdong,2020-02-06,66
25.695708889590357,2020-02-06,Henan,2020-02-06,66
18.41486405242952,2020-02-06,Hunan,2020-02-06,66
12.505087398889879,2020-02-06,Jiangsu,2020-02-06,66
19.38406742361002,2020-02-06,Jiangxi,2020-02-06,66
4.656904002989236,2020-02-06,Shaanxi,2020-02-06,66
6.146167719681226,2020-02-06,Shanghai,2020-02-06,66
9.810229244875803,2020-02-06,Sichuan,2020-02-06,66
2.3639106614158565,2020-02-06,Tianjin,2020-02-06,66
21.88981272471083,2020-02-06,Zhejiang,2020-02-06,66
16.006511852751977,2020-02-07,Anhui,2020-02-07,67
5.847038917085369,2020-02-07,Beijing,2020-02-07,67
8.178084332534686,2020-02-07,Chongqing,2020-02-07,67
4.11818023396046,2020-02-07,Fujian,2020-02-07,67
21.23193865905086,2020-02-07,Guangdong,2020-02-07,67
21.115386388278395,2020-02-07,Henan,2020-02-07,67
15.132369821958482,2020-02-07,Hunan,2020-02-07,67
10.276025206439071,2020-02-07,Jiangsu,2020-02-07,67
15.928810338903665,2020-02-07,Jiangxi,2020-02-07,67
3.826799557029295,2020-02-07,Shaanxi,2020-02-07,67
5.050598400140187,2020-02-07,Shanghai,2020-02-07,67
8.06153206176222,2020-02-07,Sichuan,2020-02-07,67
1.942537846207764,2020-02-07,Tianjin,2020-02-07,67
17.987900455883896,2020-02-07,Zhejiang,2020-02-07,67
13.183990224165216,2020-02-08,Anhui,2020-02-08,68
4.815996428972973,2020-02-08,Beijing,2020-02-08,68
6.735995005307713,2020-02-08,Chongqing,2020-02-08,68
3.3919974848580403,2020-02-08,Fujian,2020-02-08,68
17.487987032782257,2020-02-08,Guangdong,2020-02-08,68
17.39198710396552,2020-02-08,Henan,2020-02-08,68
12.463990758039689,2020-02-08,Hunan,2020-02-08,68
8.46399372400898,2020-02-08,Jiangsu,2020-02-08,68
13.119990271620724,2020-02-08,Jiangxi,2020-02-08,68
3.151997662816198,2020-02-08,Shaanxi,2020-02-08,68
4.159996915391937,2020-02-08,Shanghai,2020-02-08,68
6.639995076490976,2020-02-08,Sichuan,2020-02-08,68
1.5999988136122836,2020-02-08,Tianjin,2020-02-08,68
14.815989014049745,2020-02-08,Zhejiang,2020-02-08,68
10.880447568208176,2020-02-09,Anhui,2020-02-09,69
3.974532424794491,2020-02-09,Beijing,2020-02-09,69
5.559063624048109,2020-02-09,Chongqing,2020-02-09,69
2.7993384520147244,2020-02-09,Fujian,2020-02-09,69
14.43243833986837,2020-02-09,Guangdong,2020-02-09,69
14.353211779905688,2020-02-09,Henan,2020-02-09,69
10.286248368488069,2020-02-09,Hunan,2020-02-09,69
6.985141703376365,2020-02-09,Jiangsu,2020-02-09,69
10.827629861566388,2020-02-09,Jiangxi,2020-02-09,69
2.601272052108022,2020-02-09,Shaanxi,2020-02-09,69
3.433150931716172,2020-02-09,Shanghai,2020-02-09,69
5.4798370640854275,2020-02-09,Sichuan,2020-02-09,69
1.3204426660446815,2020-02-09,Tianjin,2020-02-09,69
12.227299087573751,2020-02-09,Zhejiang,2020-02-09,69
8.994111253597636,2020-02-10,Anhui,2020-02-10,70
3.2854702516175824,2020-02-10,Beijing,2020-02-10,70
4.59529227884054,2020-02-10,Chongqing,2020-02-10,70
2.3140189147605565,2020-02-10,Fujian,2020-02-10,70
11.930295631289097,2020-02-10,Guangdong,2020-02-10,70
11.864804529927948,2020-02-10,Henan,2020-02-10,70
8.502927993389026,2020-02-10,Hunan,2020-02-10,70
5.7741321033412,2020-02-10,Jiangsu,2020-02-10,70
8.950450519356869,2020-02-10,Jiangxi,2020-02-10,70
2.150291161357687,2020-02-10,Shaanxi,2020-02-10,70
2.837947725649739,2020-02-10,Shanghai,2020-02-10,70
4.529801177479391,2020-02-10,Sichuan,2020-02-10,70
1.0915183560191306,2020-02-10,Tianjin,2020-02-10,70
10.107459976737148,2020-02-10,Zhejiang,2020-02-10,70
7.445003817510849,2020-02-11,Anhui,2020-02-11,71
2.7195948411052977,2020-02-11,Beijing,2020-02-11,71
3.8038186980243536,2020-02-11,Chongqing,2020-02-11,71
1.9154621472236648,2020-02-11,Fujian,2020-02-11,71
9.875472296771065,2020-02-11,Guangdong,2020-02-11,71
9.821261103925112,2020-02-11,Henan,2020-02-11,71
7.038419871166203,2020-02-11,Hunan,2020-02-11,71
4.779620169251504,2020-02-11,Jiangsu,2020-02-11,71
7.408863022280213,2020-02-11,Jiangxi,2020-02-11,71
1.779934165108783,2020-02-11,Shaanxi,2020-02-11,71
2.349151689991287,2020-02-11,Shanghai,2020-02-11,71
3.7496075051784006,2020-02-11,Sichuan,2020-02-11,71
0.9035198807658797,2020-02-11,Tianjin,2020-02-11,71
8.366594095892046,2020-02-11,Zhejiang,2020-02-11,71
6.169774356335475,2020-02-12,Anhui,2020-02-12,72
2.253764661719633,2020-02-12,Beijing,2020-02-12,72
3.1522754903121784,2020-02-12,Chongqing,2020-02-12,72
1.5873691305134958,2020-02-12,Fujian,2020-02-12,72
8.18393613043043,2020-02-12,Guangdong,2020-02-12,72
8.139010589000803,2020-02-12,Henan,2020-02-12,72
5.832832795613271,2020-02-12,Hunan,2020-02-12,72
3.960935236045469,2020-02-12,Jiangsu,2020-02-12,72
6.13982399538239,2020-02-12,Jiangxi,2020-02-12,72
1.4750552769394278,2020-02-12,Shaanxi,2020-02-12,72
1.9467734619505142,2020-02-12,Shanghai,2020-02-12,72
3.107349948882551,2020-02-12,Sichuan,2020-02-12,72
0.7487590238271208,2020-02-12,Tianjin,2020-02-12,72
6.9335085606391385,2020-02-12,Zhejiang,2020-02-12,72
5.117879214166634,2020-02-13,Anhui,2020-02-13,73
1.8695165576021318,2020-02-13,Beijing,2020-02-13,73
2.6148387732574667,2020-02-13,Chongqing,2020-02-13,73
1.316735914324425,2020-02-13,Fujian,2020-02-13,73
6.788643180927343,2020-02-13,Guangdong,2020-02-13,73
6.751377070144576,2020-02-13,Henan,2020-02-13,73
4.838383383295883,2020-02-13,Hunan,2020-02-13,73
3.2856287673472684,2020-02-13,Jiangsu,2020-02-13,73
5.093035140311455,2020-02-13,Jiangxi,2020-02-13,73
1.2235706373675082,2020-02-13,Shaanxi,2020-02-13,73
1.6148648005865591,2020-02-13,Shanghai,2020-02-13,73
2.5775726624747,2020-02-13,Sichuan,2020-02-13,73
0.6211018463794459,2020-02-13,Tianjin,2020-02-13,73
5.751403097473668,2020-02-13,Zhejiang,2020-02-13,73
0.5820130093504148,2020-02-14,Anhui,2020-02-14,74
10.185227663632258,2020-02-14,Beijing,2020-02-14,74
2.6190585420768664,2020-02-14,Chongqing,2020-02-14,74
0.8730195140256221,2020-02-14,Fujian,2020-02-14,74
5.52912358882894,2020-02-14,Guangdong,2020-02-14,74
1.4550325233760368,2020-02-14,Henan,2020-02-14,74
2.0370455327264514,2020-02-14,Hunan,2020-02-14,74
0,2020-02-14,Jiangsu,2020-02-14,74
0.2910065046752074,2020-02-14,Jiangxi,2020-02-14,74
0,2020-02-14,Shaanxi,2020-02-14,74
2.6190585420768664,2020-02-14,Shanghai,2020-02-14,74
4.074091065452903,2020-02-14,Sichuan,2020-02-14,74
1.4550325233760368,2020-02-14,Tianjin,2020-02-14,74
3.4920780561024882,2020-02-14,Zhejiang,2020-02-14,74
0.48349806152815705,2020-02-15,Anhui,2020-02-15,75
8.461216076742748,2020-02-15,Beijing,2020-02-15,75
2.175741276876707,2020-02-15,Chongqing,2020-02-15,75
0.7252470922922356,2020-02-15,Fujian,2020-02-15,75
4.593231584517492,2020-02-15,Guangdong,2020-02-15,75
1.2087451538203926,2020-02-15,Henan,2020-02-15,75
1.6922432153485496,2020-02-15,Hunan,2020-02-15,75
0,2020-02-15,Jiangsu,2020-02-15,75
0.24174903076407853,2020-02-15,Jiangxi,2020-02-15,75
0,2020-02-15,Shaanxi,2020-02-15,75
2.175741276876707,2020-02-15,Shanghai,2020-02-15,75
3.384486430697099,2020-02-15,Sichuan,2020-02-15,75
1.2087451538203926,2020-02-15,Tianjin,2020-02-15,75
2.9009883691689424,2020-02-15,Zhejiang,2020-02-15,75
0.40188572949843926,2020-02-16,Anhui,2020-02-16,76
7.033000266222687,2020-02-16,Beijing,2020-02-16,76
1.8084857827429768,2020-02-16,Chongqing,2020-02-16,76
0.6028285942476589,2020-02-16,Fujian,2020-02-16,76
3.817914430235173,2020-02-16,Guangdong,2020-02-16,76
1.0047143237460983,2020-02-16,Henan,2020-02-16,76
1.4066000532445375,2020-02-16,Hunan,2020-02-16,76
0,2020-02-16,Jiangsu,2020-02-16,76
0.20094286474921963,2020-02-16,Jiangxi,2020-02-16,76
0,2020-02-16,Shaanxi,2020-02-16,76
1.8084857827429768,2020-02-16,Shanghai,2020-02-16,76
2.813200106489075,2020-02-16,Sichuan,2020-02-16,76
1.0047143237460983,2020-02-16,Tianjin,2020-02-16,76
2.4113143769906356,2020-02-16,Zhejiang,2020-02-16,76
0.33420840344635583,2020-02-17,Anhui,2020-02-17,77
5.848647060311227,2020-02-17,Beijing,2020-02-17,77
1.5039378155086014,2020-02-17,Chongqing,2020-02-17,77
0.5013126051695338,2020-02-17,Fujian,2020-02-17,77
3.1749798327403806,2020-02-17,Guangdong,2020-02-17,77
0.8355210086158896,2020-02-17,Henan,2020-02-17,77
1.1697294120622455,2020-02-17,Hunan,2020-02-17,77
0,2020-02-17,Jiangsu,2020-02-17,77
0.16710420172317791,2020-02-17,Jiangxi,2020-02-17,77
0,2020-02-17,Shaanxi,2020-02-17,77
1.5039378155086014,2020-02-17,Shanghai,2020-02-17,77
2.339458824124491,2020-02-17,Sichuan,2020-02-17,77
0.8355210086158896,2020-02-17,Tianjin,2020-02-17,77
2.005250420678135,2020-02-17,Zhejiang,2020-02-17,77
0.2780396367965527,2020-02-18,Anhui,2020-02-18,78
4.8656936439396725,2020-02-18,Beijing,2020-02-18,78
1.251178365584487,2020-02-18,Chongqing,2020-02-18,78
0.41705945519482907,2020-02-18,Fujian,2020-02-18,78
2.6413765495672505,2020-02-18,Guangdong,2020-02-18,78
0.6950990919913818,2020-02-18,Henan,2020-02-18,78
0.9731387287879344,2020-02-18,Hunan,2020-02-18,78
0,2020-02-18,Jiangsu,2020-02-18,78
0.13901981839827635,2020-02-18,Jiangxi,2020-02-18,78
0,2020-02-18,Shaanxi,2020-02-18,78
1.251178365584487,2020-02-18,Shanghai,2020-02-18,78
1.9462774575758688,2020-02-18,Sichuan,2020-02-18,78
0.6950990919913818,2020-02-18,Tianjin,2020-02-18,78
1.6682378207793163,2020-02-18,Zhejiang,2020-02-18,78
0.23138949361869865,2020-02-19,Anhui,2020-02-19,79
4.049316138327226,2020-02-19,Beijing,2020-02-19,79
1.041252721284144,2020-02-19,Chongqing,2020-02-19,79
0.347084240428048,2020-02-19,Fujian,2020-02-19,79
2.198200189377637,2020-02-19,Guangdong,2020-02-19,79
0.5784737340467466,2020-02-19,Henan,2020-02-19,79
0.8098632276654453,2020-02-19,Hunan,2020-02-19,79
0,2020-02-19,Jiangsu,2020-02-19,79
0.11569474680934932,2020-02-19,Jiangxi,2020-02-19,79
0,2020-02-19,Shaanxi,2020-02-19,79
1.041252721284144,2020-02-19,Shanghai,2020-02-19,79
1.6197264553308905,2020-02-19,Sichuan,2020-02-19,79
0.5784737340467466,2020-02-19,Tianjin,2020-02-19,79
1.388336961712192,2020-02-19,Zhejiang,2020-02-19,79
0.19262186815097504,2020-02-20,Anhui,2020-02-20,80
3.370882692642063,2020-02-20,Beijing,2020-02-20,80
0.8667984066793877,2020-02-20,Chongqing,2020-02-20,80
0.28893280222646256,2020-02-20,Fujian,2020-02-20,80
1.8299077474342629,2020-02-20,Guangdong,2020-02-20,80
0.4815546703774376,2020-02-20,Henan,2020-02-20,80
0.6741765385284126,2020-02-20,Hunan,2020-02-20,80
0,2020-02-20,Jiangsu,2020-02-20,80
0.09631093407548752,2020-02-20,Jiangxi,2020-02-20,80
0,2020-02-20,Shaanxi,2020-02-20,80
0.8667984066793877,2020-02-20,Shanghai,2020-02-20,80
1.3483530770568253,2020-02-20,Sichuan,2020-02-20,80
0.4815546703774376,2020-02-20,Tianjin,2020-02-20,80
1.1557312089058502,2020-02-20,Zhejiang,2020-02-20,80
0.16038867904367549,2020-02-21,Anhui,2020-02-21,81
2.8068018832643213,2020-02-21,Beijing,2020-02-21,81
0.7217490556965397,2020-02-21,Chongqing,2020-02-21,81
0.24058301856551326,2020-02-21,Fujian,2020-02-21,81
1.5236924509149172,2020-02-21,Guangdong,2020-02-21,81
0.4009716976091887,2020-02-21,Henan,2020-02-21,81
0.5613603766528642,2020-02-21,Hunan,2020-02-21,81
0,2020-02-21,Jiangsu,2020-02-21,81
0.08019433952183774,2020-02-21,Jiangxi,2020-02-21,81
0,2020-02-21,Shaanxi,2020-02-21,81
0.7217490556965397,2020-02-21,Shanghai,2020-02-21,81
1.1227207533057284,2020-02-21,Sichuan,2020-02-21,81
0.4009716976091887,2020-02-21,Tianjin,2020-02-21,81
0.962332074262053,2020-02-21,Zhejiang,2020-02-21,81
0.1335771507074825,2020-02-22,Anhui,2020-02-22,82
2.3376001373809436,2020-02-22,Beijing,2020-02-22,82
0.6010971781836713,2020-02-22,Chongqing,2020-02-22,82
0.20036572606122374,2020-02-22,Fujian,2020-02-22,82
1.2689829317210837,2020-02-22,Guangdong,2020-02-22,82
0.33394287676870626,2020-02-22,Henan,2020-02-22,82
0.46752002747618876,2020-02-22,Hunan,2020-02-22,82
0,2020-02-22,Jiangsu,2020-02-22,82
0.06678857535374125,2020-02-22,Jiangxi,2020-02-22,82
0,2020-02-22,Shaanxi,2020-02-22,82
0.6010971781836713,2020-02-22,Shanghai,2020-02-22,82
0.9350400549523775,2020-02-22,Sichuan,2020-02-22,82
0.33394287676870626,2020-02-22,Tianjin,2020-02-22,82
0.801462904244895,2020-02-22,Zhejiang,2020-02-22,82
0.11126733646444238,2020-02-23,Anhui,2020-02-23,83
1.9471783881277418,2020-02-23,Beijing,2020-02-23,83
0.5007030140899907,2020-02-23,Chongqing,2020-02-23,83
0.16690100469666358,2020-02-23,Fujian,2020-02-23,83
1.0570396964122026,2020-02-23,Guangdong,2020-02-23,83
0.27816834116110595,2020-02-23,Henan,2020-02-23,83
0.3894356776255483,2020-02-23,Hunan,2020-02-23,83
0,2020-02-23,Jiangsu,2020-02-23,83
0.05563366823222119,2020-02-23,Jiangxi,2020-02-23,83
0,2020-02-23,Shaanxi,2020-02-23,83
0.5007030140899907,2020-02-23,Shanghai,2020-02-23,83
0.7788713552510966,2020-02-23,Sichuan,2020-02-23,83
0.27816834116110595,2020-02-23,Tianjin,2020-02-23,83
0.6676040187866543,2020-02-23,Zhejiang,2020-02-23,83
0.09269772305340754,2020-02-24,Anhui,2020-02-24,84
1.6222101534346318,2020-02-24,Beijing,2020-02-24,84
0.4171397537403339,2020-02-24,Chongqing,2020-02-24,84
0.1390465845801113,2020-02-24,Fujian,2020-02-24,84
0.8806283690073716,2020-02-24,Guangdong,2020-02-24,84
0.23174430763351883,2020-02-24,Henan,2020-02-24,84
0.3244420306869264,2020-02-24,Hunan,2020-02-24,84
0,2020-02-24,Jiangsu,2020-02-24,84
0.04634886152670377,2020-02-24,Jiangxi,2020-02-24,84
0,2020-02-24,Shaanxi,2020-02-24,84
0.4171397537403339,2020-02-24,Shanghai,2020-02-24,84
0.6488840613738528,2020-02-24,Sichuan,2020-02-24,84
0.23174430763351883,2020-02-24,Tianjin,2020-02-24,84
0.5561863383204452,2020-02-24,Zhejiang,2020-02-24,84
0.07723725910149826,2020-02-25,Anhui,2020-02-25,85
1.3516520342762195,2020-02-25,Beijing,2020-02-25,85
0.34756766595674216,2020-02-25,Chongqing,2020-02-25,85
0.11585588865224739,2020-02-25,Fujian,2020-02-25,85
0.7337539614642334,2020-02-25,Guangdong,2020-02-25,85
0.19309314775374564,2020-02-25,Henan,2020-02-25,85
0.2703304068552439,2020-02-25,Hunan,2020-02-25,85
0,2020-02-25,Jiangsu,2020-02-25,85
0.03861862955074913,2020-02-25,Jiangxi,2020-02-25,85
0,2020-02-25,Shaanxi,2020-02-25,85
0.34756766595674216,2020-02-25,Shanghai,2020-02-25,85
0.5406608137104878,2020-02-25,Sichuan,2020-02-25,85
0.19309314775374564,2020-02-25,Tianjin,2020-02-25,85
0.46342355460898954,2020-02-25,Zhejiang,2020-02-25,85
0.06436252372511399,2020-02-26,Anhui,2020-02-26,86
1.1263441651894948,2020-02-26,Beijing,2020-02-26,86
0.28963135676301294,2020-02-26,Chongqing,2020-02-26,86
0.09654378558767097,2020-02-26,Fujian,2020-02-26,86
0.6114439753885829,2020-02-26,Guangdong,2020-02-26,86
0.16090630931278496,2020-02-26,Henan,2020-02-26,86
0.22526883303789896,2020-02-26,Hunan,2020-02-26,86
0,2020-02-26,Jiangsu,2020-02-26,86
0.032181261862556994,2020-02-26,Jiangxi,2020-02-26,86
0,2020-02-26,Shaanxi,2020-02-26,86
0.28963135676301294,2020-02-26,Shanghai,2020-02-26,86
0.4505376660757979,2020-02-26,Sichuan,2020-02-26,86
0.16090630931278496,2020-02-26,Tianjin,2020-02-26,86
0.3861751423506839,2020-02-26,Zhejiang,2020-02-26,86
0.053639031822009624,2020-02-27,Anhui,2020-02-27,87
0.9386830568851684,2020-02-27,Beijing,2020-02-27,87
0.2413756431990433,2020-02-27,Chongqing,2020-02-27,87
0.08045854773301443,2020-02-27,Fujian,2020-02-27,87
0.5095708023090915,2020-02-27,Guangdong,2020-02-27,87
0.13409757955502408,2020-02-27,Henan,2020-02-27,87
0.18773661137703368,2020-02-27,Hunan,2020-02-27,87
0,2020-02-27,Jiangsu,2020-02-27,87
0.026819515911004812,2020-02-27,Jiangxi,2020-02-27,87
0,2020-02-27,Shaanxi,2020-02-27,87
0.2413756431990433,2020-02-27,Shanghai,2020-02-27,87
0.37547322275406736,2020-02-27,Sichuan,2020-02-27,87
0.13409757955502408,2020-02-27,Tianjin,2020-02-27,87
0.32183419093205773,2020-02-27,Zhejiang,2020-02-27,87
0.044705885322686656,2020-02-28,Anhui,2020-02-28,88
0.7823529931470165,2020-02-28,Beijing,2020-02-28,88
0.20117648395208995,2020-02-28,Chongqing,2020-02-28,88
0.06705882798402998,2020-02-28,Fujian,2020-02-28,88
0.42470591056552326,2020-02-28,Guangdong,2020-02-28,88
0.11176471330671664,2020-02-28,Henan,2020-02-28,88
0.1564705986294033,2020-02-28,Hunan,2020-02-28,88
0,2020-02-28,Jiangsu,2020-02-28,88
0.022352942661343328,2020-02-28,Jiangxi,2020-02-28,88
0,2020-02-28,Shaanxi,2020-02-28,88
0.20117648395208995,2020-02-28,Shanghai,2020-02-28,88
0.3129411972588066,2020-02-28,Sichuan,2020-02-28,88
0.11176471330671664,2020-02-28,Tianjin,2020-02-28,88
0.26823531193611994,2020-02-28,Zhejiang,2020-02-28,88
0.03726314266743676,2020-02-29,Anhui,2020-02-29,89
0.6521049966801432,2020-02-29,Beijing,2020-02-29,89
0.1676841420034654,2020-02-29,Chongqing,2020-02-29,89
0.05589471400115514,2020-02-29,Fujian,2020-02-29,89
0.3539998553406492,2020-02-29,Guangdong,2020-02-29,89
0.09315785666859189,2020-02-29,Henan,2020-02-29,89
0.13042099933602866,2020-02-29,Hunan,2020-02-29,89
0,2020-02-29,Jiangsu,2020-02-29,89
0.01863157133371838,2020-02-29,Jiangxi,2020-02-29,89
0,2020-02-29,Shaanxi,2020-02-29,89
0.1676841420034654,2020-02-29,Shanghai,2020-02-29,89
0.2608419986720573,2020-02-29,Sichuan,2020-02-29,89
0.09315785666859189,2020-02-29,Tianjin,2020-02-29,89
0.22357885600462055,2020-02-29,Zhejiang,2020-02-29,89
0.031061404879770247,2020-03-01,Anhui,2020-03-01,90
0.5435745853959794,2020-03-01,Beijing,2020-03-01,90
0.1397763219589661,2020-03-01,Chongqing,2020-03-01,90
0.04659210731965537,2020-03-01,Fujian,2020-03-01,90
0.29508334635781736,2020-03-01,Guangdong,2020-03-01,90
0.07765351219942562,2020-03-01,Henan,2020-03-01,90
0.10871491707919587,2020-03-01,Hunan,2020-03-01,90
0,2020-03-01,Jiangsu,2020-03-01,90
0.015530702439885124,2020-03-01,Jiangxi,2020-03-01,90
0,2020-03-01,Shaanxi,2020-03-01,90
0.1397763219589661,2020-03-01,Shanghai,2020-03-01,90
0.21742983415839173,2020-03-01,Sichuan,2020-03-01,90
0.07765351219942562,2020-03-01,Tianjin,2020-03-01,90
0.1863684292786215,2020-03-01,Zhejiang,2020-03-01,90
0.02589321503793169,2020-03-02,Anhui,2020-03-02,91
0.4531312631638046,2020-03-02,Beijing,2020-03-02,91
0.1165194676706926,2020-03-02,Chongqing,2020-03-02,91
0.03883982255689754,2020-03-02,Fujian,2020-03-02,91
0.24598554286035104,2020-03-02,Guangdong,2020-03-02,91
0.06473303759482922,2020-03-02,Henan,2020-03-02,91
0.09062625263276092,2020-03-02,Hunan,2020-03-02,91
0,2020-03-02,Jiangsu,2020-03-02,91
0.012946607518965845,2020-03-02,Jiangxi,2020-03-02,91
0,2020-03-02,Shaanxi,2020-03-02,91
0.1165194676706926,2020-03-02,Shanghai,2020-03-02,91
0.18125250526552183,2020-03-02,Sichuan,2020-03-02,91
0.06473303759482922,2020-03-02,Tianjin,2020-03-02,91
0.15535929022759015,2020-03-02,Zhejiang,2020-03-02,91
0.021585945404395804,2020-03-03,Anhui,2020-03-03,92
0.3777540445769266,2020-03-03,Beijing,2020-03-03,92
0.09713675431978112,2020-03-03,Chongqing,2020-03-03,92
0.032378918106593706,2020-03-03,Fujian,2020-03-03,92
0.20506648134176014,2020-03-03,Guangdong,2020-03-03,92
0.05396486351098951,2020-03-03,Henan,2020-03-03,92
0.07555080891538532,2020-03-03,Hunan,2020-03-03,92
0,2020-03-03,Jiangsu,2020-03-03,92
0.010792972702197902,2020-03-03,Jiangxi,2020-03-03,92
0,2020-03-03,Shaanxi,2020-03-03,92
0.09713675431978112,2020-03-03,Shanghai,2020-03-03,92
0.15110161783077064,2020-03-03,Sichuan,2020-03-03,92
0.05396486351098951,2020-03-03,Tianjin,2020-03-03,92
0.12951567242637482,2020-03-03,Zhejiang,2020-03-03,92
0.017995907878367336,2020-03-04,Anhui,2020-03-04,93
0.3149283878714284,2020-03-04,Beijing,2020-03-04,93
0.08098158545265302,2020-03-04,Chongqing,2020-03-04,93
0.026993861817551007,2020-03-04,Fujian,2020-03-04,93
0.1709611248444897,2020-03-04,Guangdong,2020-03-04,93
0.04498976969591834,2020-03-04,Henan,2020-03-04,93
0.06298567757428568,2020-03-04,Hunan,2020-03-04,93
0,2020-03-04,Jiangsu,2020-03-04,93
0.008997953939183668,2020-03-04,Jiangxi,2020-03-04,93
0,2020-03-04,Shaanxi,2020-03-04,93
0.08098158545265302,2020-03-04,Shanghai,2020-03-04,93
0.12597135514857136,2020-03-04,Sichuan,2020-03-04,93
0.04498976969591834,2020-03-04,Tianjin,2020-03-04,93
0.10797544727020403,2020-03-04,Zhejiang,2020-03-04,93
